-- phpMyAdmin SQL Dump
-- version 4.5.1
-- http://www.phpmyadmin.net
--
-- Host: 127.0.0.1
-- Generation Time: 31-Out-2016 às 15:19
-- Versão do servidor: 10.1.16-MariaDB
-- PHP Version: 5.6.24

SET SQL_MODE = "NO_AUTO_VALUE_ON_ZERO";
SET time_zone = "+00:00";


/*!40101 SET @OLD_CHARACTER_SET_CLIENT=@@CHARACTER_SET_CLIENT */;
/*!40101 SET @OLD_CHARACTER_SET_RESULTS=@@CHARACTER_SET_RESULTS */;
/*!40101 SET @OLD_COLLATION_CONNECTION=@@COLLATION_CONNECTION */;
/*!40101 SET NAMES utf8mb4 */;

--
-- Database: `curso_q4l`
--
CREATE DATABASE IF NOT EXISTS `curso_q4l` DEFAULT CHARACTER SET latin1 COLLATE latin1_swedish_ci;
USE `curso_q4l`;

-- --------------------------------------------------------

--
-- Estrutura da tabela `produto`
--

DROP TABLE IF EXISTS `produto`;
CREATE TABLE `produto` (
  `produto_id` int(11) NOT NULL,
  `nome` varchar(100) NOT NULL,
  `valor_compra` float NOT NULL,
  `valor_venda` float NOT NULL,
  `tipo` varchar(100) NOT NULL
) ENGINE=InnoDB DEFAULT CHARSET=utf8;

--
-- Extraindo dados da tabela `produto`
--

INSERT INTO `produto` (`produto_id`, `nome`, `valor_compra`, `valor_venda`, `tipo`) VALUES
(1, 'Oxford', 150, 250, 'Sapato Masculino'),
(2, 'Derby', 100, 225, 'Sapato Masculino'),
(3, 'Monk', 99, 159, 'Sapato Masculino'),
(4, 'Chanel', 90, 119, 'Sapato Feminino'),
(5, 'Mocassim', 55, 119, 'Sapato Feminino'),
(6, 'Rasteirinha', 29.99, 59.99, 'Sapato Feminino');

-- --------------------------------------------------------

--
-- Estrutura da tabela `vendas`
--

DROP TABLE IF EXISTS `vendas`;
CREATE TABLE `vendas` (
  `venda_id` int(11) NOT NULL,
  `data_venda` date NOT NULL,
  `vendedor_id` int(11) NOT NULL,
  `produto_id` int(11) NOT NULL,
  `quantidade_vendida` int(11) NOT NULL
) ENGINE=InnoDB DEFAULT CHARSET=utf8;

--
-- Extraindo dados da tabela `vendas`
--

INSERT INTO `vendas` (`venda_id`, `data_venda`, `vendedor_id`, `produto_id`, `quantidade_vendida`) VALUES
(1, '2016-10-04', 1, 1, 2),
(3, '2015-01-01', 10, 5, 5),
(4, '2015-01-02', 1, 5, 4),
(5, '2015-01-03', 5, 5, 1),
(6, '2015-01-04', 5, 1, 2),
(7, '2015-01-05', 6, 1, 2),
(8, '2015-01-06', 8, 5, 2),
(9, '2015-01-07', 5, 4, 1),
(10, '2015-01-08', 2, 1, 1),
(11, '2015-01-09', 2, 3, 4),
(12, '2015-01-10', 7, 1, 5),
(13, '2015-01-11', 9, 1, 3),
(14, '2015-01-12', 2, 3, 3),
(15, '2015-01-13', 8, 6, 3),
(16, '2015-01-14', 1, 4, 2),
(17, '2015-01-15', 1, 3, 5),
(18, '2015-01-16', 6, 6, 5),
(19, '2015-01-17', 7, 6, 5),
(20, '2015-01-18', 6, 4, 1),
(21, '2015-01-19', 8, 1, 3),
(22, '2015-01-20', 1, 5, 2),
(23, '2015-01-21', 2, 4, 2),
(24, '2015-01-22', 8, 4, 1),
(25, '2015-01-23', 2, 4, 4),
(26, '2015-01-24', 9, 2, 2),
(27, '2015-01-25', 2, 5, 3),
(28, '2015-01-26', 1, 3, 2),
(29, '2015-01-27', 3, 5, 1),
(30, '2015-01-28', 7, 4, 2),
(31, '2015-01-29', 6, 4, 4),
(32, '2015-01-30', 7, 1, 3),
(33, '2015-01-31', 2, 2, 3),
(34, '2015-02-01', 7, 4, 2),
(35, '2015-02-02', 3, 4, 1),
(36, '2015-02-03', 8, 1, 2),
(37, '2015-02-04', 5, 2, 1),
(38, '2015-02-05', 7, 1, 3),
(39, '2015-02-06', 1, 3, 1),
(40, '2015-02-07', 10, 5, 5),
(41, '2015-02-08', 8, 4, 1),
(42, '2015-02-09', 3, 3, 4),
(43, '2015-02-10', 7, 5, 4),
(44, '2015-02-11', 10, 3, 3),
(45, '2015-02-12', 9, 2, 5),
(46, '2015-02-13', 1, 2, 2),
(47, '2015-02-14', 7, 5, 1),
(48, '2015-02-15', 8, 2, 4),
(49, '2015-02-16', 4, 4, 4),
(50, '2015-02-17', 6, 3, 5),
(51, '2015-02-18', 3, 5, 4),
(52, '2015-02-19', 7, 2, 4),
(53, '2015-02-20', 1, 2, 4),
(54, '2015-02-21', 2, 5, 3),
(55, '2015-02-22', 5, 6, 4),
(56, '2015-02-23', 3, 6, 4),
(57, '2015-02-24', 2, 1, 5),
(58, '2015-02-25', 9, 4, 2),
(59, '2015-02-26', 1, 5, 1),
(60, '2015-02-27', 5, 1, 3),
(61, '2015-02-28', 9, 2, 1),
(62, '2015-03-01', 10, 3, 4),
(63, '2015-03-02', 5, 3, 1),
(64, '2015-03-03', 6, 4, 5),
(65, '2015-03-04', 7, 5, 5),
(66, '2015-03-05', 3, 2, 2),
(67, '2015-03-06', 3, 3, 1),
(68, '2015-03-07', 3, 1, 1),
(69, '2015-03-08', 7, 5, 4),
(70, '2015-03-09', 3, 5, 3),
(71, '2015-03-10', 6, 1, 1),
(72, '2015-03-11', 10, 5, 5),
(73, '2015-03-12', 9, 5, 2),
(74, '2015-03-13', 1, 1, 1),
(75, '2015-03-14', 1, 6, 3),
(76, '2015-03-15', 5, 1, 3),
(77, '2015-03-16', 8, 4, 5),
(78, '2015-03-17', 6, 2, 2),
(79, '2015-03-18', 5, 5, 1),
(80, '2015-03-19', 1, 3, 2),
(81, '2015-03-20', 5, 3, 5),
(82, '2015-03-21', 1, 1, 1),
(83, '2015-03-22', 8, 3, 2),
(84, '2015-03-23', 9, 1, 4),
(85, '2015-03-24', 10, 3, 2),
(86, '2015-03-25', 9, 2, 4),
(87, '2015-03-26', 6, 4, 3),
(88, '2015-03-27', 10, 5, 3),
(89, '2015-03-28', 4, 2, 3),
(90, '2015-03-29', 6, 4, 5),
(91, '2015-03-30', 10, 1, 4),
(92, '2015-03-31', 1, 6, 3),
(93, '2015-04-01', 8, 5, 2),
(94, '2015-04-02', 5, 4, 1),
(95, '2015-04-03', 2, 3, 4),
(96, '2015-04-04', 7, 6, 3),
(97, '2015-04-05', 6, 1, 5),
(98, '2015-04-06', 7, 4, 4),
(99, '2015-04-07', 9, 3, 4),
(100, '2015-04-08', 3, 2, 4),
(101, '2015-04-09', 6, 5, 4),
(102, '2015-04-10', 3, 6, 5),
(103, '2015-04-11', 2, 6, 2),
(104, '2015-04-12', 6, 3, 1),
(105, '2015-04-13', 2, 6, 2),
(106, '2015-04-14', 10, 6, 2),
(107, '2015-04-15', 3, 6, 1),
(108, '2015-04-16', 5, 5, 3),
(109, '2015-04-17', 2, 1, 2),
(110, '2015-04-18', 9, 3, 5),
(111, '2015-04-19', 10, 4, 1),
(112, '2015-04-20', 1, 5, 1),
(113, '2015-04-21', 7, 1, 4),
(114, '2015-04-22', 8, 4, 3),
(115, '2015-04-23', 2, 6, 2),
(116, '2015-04-24', 4, 5, 3),
(117, '2015-04-25', 6, 2, 1),
(118, '2015-04-26', 6, 5, 3),
(119, '2015-04-27', 7, 5, 2),
(120, '2015-04-28', 4, 5, 4),
(121, '2015-04-29', 6, 6, 1),
(122, '2015-04-30', 9, 4, 4),
(123, '2015-05-01', 5, 6, 4),
(124, '2015-05-02', 4, 2, 3),
(125, '2015-05-03', 9, 2, 5),
(126, '2015-05-04', 4, 3, 3),
(127, '2015-05-05', 1, 4, 2),
(128, '2015-05-06', 4, 2, 2),
(129, '2015-05-07', 3, 5, 3),
(130, '2015-05-08', 4, 1, 4),
(131, '2015-05-09', 6, 5, 3),
(132, '2015-05-10', 9, 2, 2),
(133, '2015-05-11', 9, 5, 5),
(134, '2015-05-12', 2, 1, 3),
(135, '2015-05-13', 3, 1, 1),
(136, '2015-05-14', 6, 2, 1),
(137, '2015-05-15', 2, 4, 5),
(138, '2015-05-16', 3, 2, 5),
(139, '2015-05-17', 1, 1, 5),
(140, '2015-05-18', 6, 5, 4),
(141, '2015-05-19', 1, 1, 1),
(142, '2015-05-20', 1, 1, 3),
(143, '2015-05-21', 3, 3, 4),
(144, '2015-05-22', 9, 5, 3),
(145, '2015-05-23', 10, 2, 4),
(146, '2015-05-24', 7, 1, 4),
(147, '2015-05-25', 8, 2, 4),
(148, '2015-05-26', 6, 3, 4),
(149, '2015-05-27', 7, 6, 2),
(150, '2015-05-28', 1, 6, 2),
(151, '2015-05-29', 2, 4, 5),
(152, '2015-05-30', 1, 5, 1),
(153, '2015-05-31', 7, 4, 5),
(154, '2015-06-01', 6, 3, 2),
(155, '2015-06-02', 9, 4, 1),
(156, '2015-06-03', 8, 3, 3),
(157, '2015-06-04', 2, 2, 1),
(158, '2015-06-05', 4, 6, 4),
(159, '2015-06-06', 9, 3, 5),
(160, '2015-06-07', 6, 6, 5),
(161, '2015-06-08', 4, 3, 5),
(162, '2015-06-09', 2, 5, 2),
(163, '2015-06-10', 1, 2, 2),
(164, '2015-06-11', 8, 2, 3),
(165, '2015-06-12', 3, 2, 2),
(166, '2015-06-13', 1, 5, 2),
(167, '2015-06-14', 8, 6, 2),
(168, '2015-06-15', 8, 1, 5),
(169, '2015-06-16', 6, 4, 3),
(170, '2015-06-17', 4, 3, 1),
(171, '2015-06-18', 10, 1, 1),
(172, '2015-06-19', 3, 4, 2),
(173, '2015-06-20', 9, 5, 3),
(174, '2015-06-21', 5, 1, 1),
(175, '2015-06-22', 4, 2, 4),
(176, '2015-06-23', 10, 1, 4),
(177, '2015-06-24', 10, 2, 4),
(178, '2015-06-25', 1, 6, 2),
(179, '2015-06-26', 4, 6, 3),
(180, '2015-06-27', 2, 5, 2),
(181, '2015-06-28', 9, 5, 5),
(182, '2015-06-29', 1, 2, 1),
(183, '2015-06-30', 2, 3, 5),
(184, '2015-07-01', 6, 4, 4),
(185, '2015-07-02', 9, 5, 1),
(186, '2015-07-03', 6, 3, 3),
(187, '2015-07-04', 2, 5, 3),
(188, '2015-07-05', 9, 5, 4),
(189, '2015-07-06', 9, 1, 4),
(190, '2015-07-07', 5, 6, 2),
(191, '2015-07-08', 1, 6, 2),
(192, '2015-07-09', 10, 3, 4),
(193, '2015-07-10', 2, 6, 3),
(194, '2015-07-11', 6, 3, 4),
(195, '2015-07-12', 4, 2, 1),
(196, '2015-07-13', 1, 4, 5),
(197, '2015-07-14', 8, 5, 1),
(198, '2015-07-15', 2, 4, 2),
(199, '2015-07-16', 4, 1, 4),
(200, '2015-07-17', 10, 3, 1),
(201, '2015-07-18', 4, 4, 5),
(202, '2015-07-19', 2, 5, 2),
(203, '2015-07-20', 5, 4, 1),
(204, '2015-07-21', 1, 3, 2),
(205, '2015-07-22', 2, 4, 2),
(206, '2015-07-23', 8, 4, 4),
(207, '2015-07-24', 8, 5, 3),
(208, '2015-07-25', 6, 2, 3),
(209, '2015-07-26', 2, 4, 4),
(210, '2015-07-27', 10, 2, 2),
(211, '2015-07-28', 8, 5, 2),
(212, '2015-07-29', 10, 2, 2),
(213, '2015-07-30', 1, 1, 1),
(214, '2015-07-31', 5, 4, 1),
(215, '2015-08-01', 3, 5, 1),
(216, '2015-08-02', 5, 3, 1),
(217, '2015-08-03', 2, 2, 4),
(218, '2015-08-04', 7, 3, 3),
(219, '2015-08-05', 3, 6, 4),
(220, '2015-08-06', 6, 3, 4),
(221, '2015-08-07', 5, 2, 3),
(222, '2015-08-08', 4, 1, 2),
(223, '2015-08-09', 7, 5, 3),
(224, '2015-08-10', 3, 5, 2),
(225, '2015-08-11', 4, 2, 4),
(226, '2015-08-12', 1, 1, 4),
(227, '2015-08-13', 10, 3, 2),
(228, '2015-08-14', 4, 2, 1),
(229, '2015-08-15', 8, 4, 4),
(230, '2015-08-16', 3, 6, 2),
(231, '2015-08-17', 3, 4, 1),
(232, '2015-08-18', 4, 5, 3),
(233, '2015-08-19', 2, 1, 4),
(234, '2015-08-20', 2, 4, 5),
(235, '2015-08-21', 8, 1, 5),
(236, '2015-08-22', 7, 1, 1),
(237, '2015-08-23', 1, 3, 1),
(238, '2015-08-24', 8, 1, 4),
(239, '2015-08-25', 1, 3, 4),
(240, '2015-08-26', 4, 5, 5),
(241, '2015-08-27', 2, 1, 1),
(242, '2015-08-28', 3, 6, 4),
(243, '2015-08-29', 1, 3, 4),
(244, '2015-08-30', 7, 6, 2),
(245, '2015-08-31', 4, 2, 3),
(246, '2015-09-01', 8, 2, 4),
(247, '2015-09-02', 2, 4, 4),
(248, '2015-09-03', 1, 5, 5),
(249, '2015-09-04', 1, 1, 5),
(250, '2015-09-05', 8, 5, 3),
(251, '2015-09-06', 6, 6, 3),
(252, '2015-09-07', 4, 3, 1),
(253, '2015-09-08', 3, 1, 2),
(254, '2015-09-09', 8, 6, 3),
(255, '2015-09-10', 1, 6, 2),
(256, '2015-09-11', 6, 6, 3),
(257, '2015-09-12', 3, 5, 1),
(258, '2015-09-13', 4, 3, 3),
(259, '2015-09-14', 4, 1, 4),
(260, '2015-09-15', 9, 6, 1),
(261, '2015-09-16', 2, 4, 1),
(262, '2015-09-17', 9, 3, 1),
(263, '2015-09-18', 2, 2, 2),
(264, '2015-09-19', 7, 2, 3),
(265, '2015-09-20', 1, 6, 5),
(266, '2015-09-21', 6, 3, 2),
(267, '2015-09-22', 1, 4, 2),
(268, '2015-09-23', 1, 2, 5),
(269, '2015-09-24', 10, 5, 4),
(270, '2015-09-25', 4, 5, 1),
(271, '2015-09-26', 8, 6, 4),
(272, '2015-09-27', 6, 5, 4),
(273, '2015-09-28', 9, 2, 1),
(274, '2015-09-29', 9, 2, 3),
(275, '2015-09-30', 10, 5, 5),
(276, '2015-10-01', 7, 6, 3),
(277, '2015-10-02', 3, 6, 5),
(278, '2015-10-03', 8, 3, 5),
(279, '2015-10-04', 8, 6, 4),
(280, '2015-10-05', 7, 6, 4),
(281, '2015-10-06', 1, 3, 3),
(282, '2015-10-07', 10, 5, 2),
(283, '2015-10-08', 10, 6, 2),
(284, '2015-10-09', 7, 2, 2),
(285, '2015-10-10', 7, 2, 2),
(286, '2015-10-11', 6, 1, 2),
(287, '2015-10-12', 9, 3, 4),
(288, '2015-10-13', 5, 1, 3),
(289, '2015-10-14', 2, 2, 2),
(290, '2015-10-15', 9, 6, 3),
(291, '2015-10-16', 4, 1, 5),
(292, '2015-10-17', 7, 2, 3),
(293, '2015-10-18', 7, 2, 4),
(294, '2015-10-19', 1, 1, 5),
(295, '2015-10-20', 10, 2, 5),
(296, '2015-10-21', 10, 1, 1),
(297, '2015-10-22', 7, 6, 3),
(298, '2015-10-23', 8, 1, 1),
(299, '2015-10-24', 8, 6, 5),
(300, '2015-10-25', 8, 3, 4),
(301, '2015-10-26', 10, 5, 1),
(302, '2015-10-27', 8, 6, 4),
(303, '2015-10-28', 4, 3, 2),
(304, '2015-10-29', 6, 3, 3),
(305, '2015-10-30', 10, 5, 4),
(306, '2015-10-31', 3, 2, 4),
(307, '2015-11-01', 10, 2, 1),
(308, '2015-11-02', 5, 1, 4),
(309, '2015-11-03', 7, 2, 5),
(310, '2015-11-04', 8, 2, 3),
(311, '2015-11-05', 10, 4, 4),
(312, '2015-11-06', 6, 3, 2),
(313, '2015-11-07', 10, 4, 4),
(314, '2015-11-08', 4, 2, 5),
(315, '2015-11-09', 3, 5, 4),
(316, '2015-11-10', 3, 6, 2),
(317, '2015-11-11', 8, 4, 1),
(318, '2015-11-12', 6, 2, 4),
(319, '2015-11-13', 1, 5, 5),
(320, '2015-11-14', 10, 5, 4),
(321, '2015-11-15', 2, 3, 3),
(322, '2015-11-16', 2, 6, 5),
(323, '2015-11-17', 10, 5, 3),
(324, '2015-11-18', 5, 4, 2),
(325, '2015-11-19', 10, 5, 4),
(326, '2015-11-20', 10, 3, 4),
(327, '2015-11-21', 2, 6, 1),
(328, '2015-11-22', 4, 1, 3),
(329, '2015-11-23', 1, 4, 4),
(330, '2015-11-24', 9, 2, 2),
(331, '2015-11-25', 6, 2, 1),
(332, '2015-11-26', 4, 3, 1),
(333, '2015-11-27', 2, 1, 3),
(334, '2015-11-28', 6, 3, 1),
(335, '2015-11-29', 4, 1, 4),
(336, '2015-11-30', 9, 1, 5),
(337, '2015-12-01', 8, 4, 3),
(338, '2015-12-02', 5, 2, 3),
(339, '2015-12-03', 5, 4, 1),
(340, '2015-12-04', 1, 4, 1),
(341, '2015-12-05', 3, 4, 1),
(342, '2015-12-06', 9, 5, 2),
(343, '2015-12-07', 3, 6, 2),
(344, '2015-12-08', 6, 1, 1),
(345, '2015-12-09', 5, 3, 4),
(346, '2015-12-10', 1, 1, 3),
(347, '2015-12-11', 1, 3, 5),
(348, '2015-12-12', 8, 1, 2),
(349, '2015-12-13', 7, 2, 4),
(350, '2015-12-14', 9, 6, 2),
(351, '2015-12-15', 6, 2, 2),
(352, '2015-12-16', 8, 3, 1),
(353, '2015-12-17', 2, 6, 5),
(354, '2015-12-18', 1, 6, 1),
(355, '2015-12-19', 7, 1, 5),
(356, '2015-12-20', 1, 5, 3),
(357, '2015-12-21', 7, 6, 2),
(358, '2015-12-22', 9, 4, 3),
(359, '2015-12-23', 5, 6, 2),
(360, '2015-12-24', 7, 1, 2),
(361, '2015-12-25', 6, 1, 1),
(362, '2015-12-26', 3, 2, 1),
(363, '2015-12-27', 10, 6, 3),
(364, '2015-12-28', 3, 3, 3),
(365, '2015-12-29', 5, 6, 1),
(366, '2015-12-30', 5, 4, 5),
(367, '2015-12-31', 9, 3, 1),
(368, '2016-01-01', 9, 2, 1),
(369, '2016-01-02', 2, 4, 1),
(370, '2016-01-03', 1, 3, 3),
(371, '2016-01-04', 1, 4, 4),
(372, '2016-01-05', 10, 1, 3),
(373, '2016-01-06', 5, 5, 1),
(374, '2016-01-07', 7, 3, 2),
(375, '2016-01-08', 8, 2, 4),
(376, '2016-01-09', 5, 2, 5),
(377, '2016-01-10', 10, 2, 2),
(378, '2016-01-11', 1, 2, 5),
(379, '2016-01-12', 8, 1, 5),
(380, '2016-01-13', 3, 6, 4),
(381, '2016-01-14', 1, 2, 2),
(382, '2016-01-15', 3, 6, 2),
(383, '2016-01-16', 6, 5, 5),
(384, '2016-01-17', 8, 4, 4),
(385, '2016-01-18', 5, 3, 5),
(386, '2016-01-19', 2, 1, 5),
(387, '2016-01-20', 7, 3, 1),
(388, '2016-01-21', 8, 3, 5),
(389, '2016-01-22', 1, 3, 5),
(390, '2016-01-23', 1, 1, 3),
(391, '2016-01-24', 2, 2, 5),
(392, '2016-01-25', 6, 2, 4),
(393, '2016-01-26', 7, 4, 4),
(394, '2016-01-27', 9, 4, 2),
(395, '2016-01-28', 8, 5, 2),
(396, '2016-01-29', 5, 2, 3),
(397, '2016-01-30', 3, 4, 2),
(398, '2016-01-31', 7, 2, 3),
(399, '2016-02-01', 8, 6, 3),
(400, '2016-02-02', 7, 6, 1),
(401, '2016-02-03', 2, 4, 5),
(402, '2016-02-04', 4, 3, 2),
(403, '2016-02-05', 2, 2, 1),
(404, '2016-02-06', 5, 4, 1),
(405, '2016-02-07', 10, 5, 3),
(406, '2016-02-08', 8, 5, 5),
(407, '2016-02-09', 1, 1, 5),
(408, '2016-02-10', 9, 6, 4),
(409, '2016-02-11', 8, 3, 4),
(410, '2016-02-12', 10, 2, 3),
(411, '2016-02-13', 9, 4, 4),
(412, '2016-02-14', 5, 3, 3),
(413, '2016-02-15', 9, 5, 4),
(414, '2016-02-16', 3, 2, 4),
(415, '2016-02-17', 9, 4, 5),
(416, '2016-02-18', 9, 1, 1),
(417, '2016-02-19', 5, 2, 4),
(418, '2016-02-20', 8, 5, 2),
(419, '2016-02-21', 1, 6, 3),
(420, '2016-02-22', 4, 3, 5),
(421, '2016-02-23', 3, 5, 1),
(422, '2016-02-24', 6, 4, 1),
(423, '2016-02-25', 9, 6, 3),
(424, '2016-02-26', 6, 6, 2),
(425, '2016-02-27', 1, 4, 3),
(426, '2016-02-28', 3, 6, 4),
(427, '2016-02-29', 1, 3, 4),
(428, '2016-03-01', 4, 4, 5),
(429, '2016-03-02', 10, 1, 5),
(430, '2016-03-03', 4, 1, 2),
(431, '2016-03-04', 4, 4, 3),
(432, '2016-03-05', 3, 1, 3),
(433, '2016-03-06', 4, 6, 2),
(434, '2016-03-07', 4, 4, 5),
(435, '2016-03-08', 5, 6, 5),
(436, '2016-03-09', 2, 3, 1),
(437, '2016-03-10', 4, 2, 4),
(438, '2016-03-11', 1, 5, 4),
(439, '2016-03-12', 8, 5, 4),
(440, '2016-03-13', 9, 5, 1),
(441, '2016-03-14', 9, 1, 4),
(442, '2016-03-15', 2, 6, 3),
(443, '2016-03-16', 9, 3, 2),
(444, '2016-03-17', 3, 5, 3),
(445, '2016-03-18', 2, 4, 5),
(446, '2016-03-19', 3, 1, 3),
(447, '2016-03-20', 5, 6, 2),
(448, '2016-03-21', 8, 6, 1),
(449, '2016-03-22', 7, 1, 1),
(450, '2016-03-23', 3, 1, 4),
(451, '2016-03-24', 6, 6, 5),
(452, '2016-03-25', 9, 4, 4),
(453, '2016-03-26', 8, 3, 3),
(454, '2016-03-27', 4, 3, 1),
(455, '2016-03-28', 7, 6, 3),
(456, '2016-03-29', 6, 4, 3),
(457, '2016-03-30', 3, 2, 3),
(458, '2016-03-31', 2, 3, 1),
(459, '2016-04-01', 5, 5, 4),
(460, '2016-04-02', 5, 6, 2),
(461, '2016-04-03', 3, 3, 4),
(462, '2016-04-04', 6, 6, 4),
(463, '2016-04-05', 7, 1, 5),
(464, '2016-04-06', 10, 1, 2),
(465, '2016-04-07', 4, 4, 3),
(466, '2016-04-08', 3, 6, 3),
(467, '2016-04-09', 10, 3, 1),
(468, '2016-04-10', 10, 6, 2),
(469, '2016-04-11', 2, 5, 1),
(470, '2016-04-12', 7, 5, 1),
(471, '2016-04-13', 9, 6, 3),
(472, '2016-04-14', 5, 5, 4),
(473, '2016-04-15', 9, 6, 2),
(474, '2016-04-16', 10, 3, 5),
(475, '2016-04-17', 7, 5, 1),
(476, '2016-04-18', 6, 1, 1),
(477, '2016-04-19', 9, 3, 1),
(478, '2016-04-20', 7, 1, 3),
(479, '2016-04-21', 8, 2, 5),
(480, '2016-04-22', 4, 1, 1),
(481, '2016-04-23', 6, 4, 3),
(482, '2016-04-24', 6, 3, 3),
(483, '2016-04-25', 5, 3, 1),
(484, '2016-04-26', 4, 1, 2),
(485, '2016-04-27', 1, 1, 4),
(486, '2016-04-28', 2, 3, 3),
(487, '2016-04-29', 7, 6, 4),
(488, '2016-04-30', 10, 1, 3),
(489, '2016-05-01', 9, 4, 5),
(490, '2016-05-02', 10, 3, 2),
(491, '2016-05-03', 8, 3, 3),
(492, '2016-05-04', 8, 6, 2),
(493, '2016-05-05', 8, 5, 3),
(494, '2016-05-06', 8, 2, 5),
(495, '2016-05-07', 1, 5, 4),
(496, '2016-05-08', 3, 4, 3),
(497, '2016-05-09', 9, 2, 2),
(498, '2016-05-10', 2, 2, 5),
(499, '2016-05-11', 3, 1, 5),
(500, '2016-05-12', 4, 2, 2),
(501, '2016-05-13', 8, 2, 3),
(502, '2016-05-14', 3, 4, 4),
(503, '2016-05-15', 6, 5, 3),
(504, '2016-05-16', 1, 1, 2),
(505, '2016-05-17', 5, 6, 2),
(506, '2016-05-18', 9, 3, 1),
(507, '2016-05-19', 6, 2, 5),
(508, '2016-05-20', 2, 2, 2),
(509, '2016-05-21', 4, 6, 4),
(510, '2016-05-22', 4, 2, 1),
(511, '2016-05-23', 2, 4, 1),
(512, '2016-05-24', 8, 6, 2),
(513, '2016-05-25', 10, 2, 2),
(514, '2016-05-26', 10, 1, 2),
(515, '2016-05-27', 1, 6, 4),
(516, '2016-05-28', 4, 5, 1),
(517, '2016-05-29', 5, 6, 3),
(518, '2016-05-30', 6, 4, 5),
(519, '2016-05-31', 4, 4, 2),
(520, '2016-06-01', 10, 1, 5),
(521, '2016-06-02', 8, 3, 4),
(522, '2016-06-03', 9, 2, 3),
(523, '2016-06-04', 9, 6, 5),
(524, '2016-06-05', 10, 3, 2),
(525, '2016-06-06', 8, 3, 5),
(526, '2016-06-07', 5, 3, 5),
(527, '2016-06-08', 5, 3, 1),
(528, '2016-06-09', 1, 2, 3),
(529, '2016-06-10', 1, 5, 4),
(530, '2016-06-11', 10, 1, 1),
(531, '2016-06-12', 8, 3, 3),
(532, '2016-06-13', 4, 5, 4),
(533, '2016-06-14', 2, 3, 1),
(534, '2016-06-15', 9, 6, 3),
(535, '2016-06-16', 9, 6, 2),
(536, '2016-06-17', 2, 1, 1),
(537, '2016-06-18', 2, 2, 2),
(538, '2016-06-19', 10, 3, 3),
(539, '2016-06-20', 8, 3, 1),
(540, '2016-06-21', 10, 2, 1),
(541, '2016-06-22', 9, 5, 3),
(542, '2016-06-23', 2, 1, 1),
(543, '2016-06-24', 7, 2, 4),
(544, '2016-06-25', 6, 2, 1),
(545, '2016-06-26', 2, 1, 1),
(546, '2016-06-27', 1, 1, 5),
(547, '2016-06-28', 5, 1, 2),
(548, '2016-06-29', 8, 5, 2),
(549, '2016-06-30', 4, 3, 5),
(550, '2016-07-01', 1, 6, 3),
(551, '2016-07-02', 9, 2, 4),
(552, '2016-07-03', 5, 2, 3),
(553, '2016-07-04', 10, 1, 4),
(554, '2016-07-05', 7, 3, 1),
(555, '2016-07-06', 2, 3, 3),
(556, '2016-07-07', 2, 2, 2),
(557, '2016-07-08', 7, 6, 2),
(558, '2016-07-09', 4, 2, 3),
(559, '2016-07-10', 5, 5, 5),
(560, '2016-07-11', 8, 3, 1),
(561, '2016-07-12', 1, 1, 1),
(562, '2016-07-13', 9, 1, 5),
(563, '2016-07-14', 5, 6, 5),
(564, '2016-07-15', 1, 1, 2),
(565, '2016-07-16', 2, 1, 5),
(566, '2016-07-17', 3, 6, 2),
(567, '2016-07-18', 7, 5, 2),
(568, '2016-07-19', 4, 5, 3),
(569, '2016-07-20', 4, 6, 5),
(570, '2016-07-21', 7, 3, 5),
(571, '2016-07-22', 8, 3, 4),
(572, '2016-07-23', 4, 3, 1),
(573, '2016-07-24', 6, 5, 2),
(574, '2016-07-25', 5, 2, 2),
(575, '2016-07-26', 3, 3, 5),
(576, '2016-07-27', 7, 2, 4),
(577, '2016-07-28', 6, 6, 5),
(578, '2016-07-29', 5, 1, 4),
(579, '2016-07-30', 6, 2, 5),
(580, '2016-07-31', 8, 3, 4),
(581, '2016-08-01', 6, 4, 2),
(582, '2016-08-02', 7, 1, 1),
(583, '2016-08-03', 7, 4, 3),
(584, '2016-08-04', 4, 1, 3),
(585, '2016-08-05', 9, 2, 3),
(586, '2016-08-06', 9, 6, 4),
(587, '2016-08-07', 1, 4, 1),
(588, '2016-08-08', 10, 6, 5),
(589, '2016-08-09', 5, 6, 2),
(590, '2016-08-10', 10, 5, 1),
(591, '2016-08-11', 4, 1, 5),
(592, '2016-08-12', 2, 4, 3),
(593, '2016-08-13', 7, 3, 4),
(594, '2016-08-14', 2, 2, 5),
(595, '2016-08-15', 4, 6, 5),
(596, '2016-08-16', 10, 5, 2),
(597, '2016-08-17', 6, 3, 5),
(598, '2016-08-18', 1, 4, 4),
(599, '2016-08-19', 6, 3, 1),
(600, '2016-08-20', 1, 4, 3),
(601, '2016-08-21', 8, 3, 5),
(602, '2016-08-22', 7, 5, 4),
(603, '2016-08-23', 8, 1, 2),
(604, '2016-08-24', 1, 6, 3),
(605, '2016-08-25', 1, 1, 1),
(606, '2016-08-26', 3, 3, 4),
(607, '2016-08-27', 6, 1, 1),
(608, '2016-08-28', 8, 1, 3),
(609, '2016-08-29', 2, 3, 2),
(610, '2016-08-30', 4, 3, 1),
(611, '2016-08-31', 1, 6, 2),
(612, '2016-09-01', 8, 2, 5),
(613, '2016-09-02', 9, 6, 1),
(614, '2016-09-03', 6, 2, 5),
(615, '2016-09-04', 3, 2, 4),
(616, '2016-09-05', 3, 2, 5),
(617, '2016-09-06', 10, 3, 4),
(618, '2016-09-07', 10, 5, 2),
(619, '2016-09-08', 4, 4, 4),
(620, '2016-09-09', 4, 5, 5),
(621, '2016-09-10', 6, 4, 1),
(622, '2016-09-11', 8, 2, 1),
(623, '2016-09-12', 5, 2, 2),
(624, '2016-09-13', 2, 4, 3),
(625, '2016-09-14', 8, 4, 4),
(626, '2016-09-15', 9, 6, 5),
(627, '2016-09-16', 10, 6, 3),
(628, '2016-09-17', 9, 4, 5),
(629, '2016-09-18', 8, 5, 1),
(630, '2016-09-19', 3, 5, 4),
(631, '2016-09-20', 2, 3, 5),
(632, '2016-09-21', 5, 5, 2),
(633, '2016-09-22', 4, 1, 1),
(634, '2016-09-23', 5, 3, 3),
(635, '2016-09-24', 4, 4, 2),
(636, '2016-09-25', 10, 6, 1),
(637, '2016-09-26', 9, 6, 2),
(638, '2016-09-27', 9, 5, 1),
(639, '2016-09-28', 7, 1, 5),
(640, '2016-09-29', 6, 5, 1),
(641, '2016-09-30', 1, 4, 4),
(642, '2016-10-01', 10, 2, 3),
(643, '2016-10-02', 6, 5, 1),
(644, '2016-10-03', 1, 4, 1),
(645, '2016-10-04', 2, 6, 5),
(646, '2016-10-05', 10, 4, 4),
(647, '2016-10-06', 6, 3, 5),
(648, '2016-10-07', 4, 3, 2),
(649, '2016-10-08', 1, 6, 1),
(650, '2016-10-09', 1, 3, 5),
(651, '2016-10-10', 8, 1, 5),
(652, '2016-10-11', 10, 3, 3),
(653, '2016-10-12', 8, 1, 4),
(654, '2016-10-13', 4, 5, 5),
(655, '2016-10-14', 1, 6, 1),
(656, '2015-01-01', 10, 1, 1),
(657, '2015-01-02', 8, 4, 5),
(658, '2015-01-03', 6, 4, 5),
(659, '2015-01-04', 1, 6, 5),
(660, '2015-01-05', 7, 1, 1),
(661, '2015-01-06', 5, 3, 2),
(662, '2015-01-07', 4, 5, 3),
(663, '2015-01-08', 1, 2, 1),
(664, '2015-01-09', 6, 5, 3),
(665, '2015-01-10', 3, 5, 5),
(666, '2015-01-11', 6, 3, 3),
(667, '2015-01-12', 1, 2, 4),
(668, '2015-01-13', 1, 2, 2),
(669, '2015-01-14', 2, 3, 4),
(670, '2015-01-15', 1, 3, 3),
(671, '2015-01-16', 1, 5, 3),
(672, '2015-01-17', 6, 5, 2),
(673, '2015-01-18', 6, 4, 4),
(674, '2015-01-19', 6, 4, 4),
(675, '2015-01-20', 1, 1, 2),
(676, '2015-01-21', 9, 5, 2),
(677, '2015-01-22', 9, 1, 1),
(678, '2015-01-23', 10, 6, 1),
(679, '2015-01-24', 1, 4, 3),
(680, '2015-01-25', 2, 2, 2),
(681, '2015-01-26', 5, 4, 1),
(682, '2015-01-27', 10, 4, 5),
(683, '2015-01-28', 8, 6, 1),
(684, '2015-01-29', 9, 5, 4),
(685, '2015-01-30', 9, 5, 4),
(686, '2015-01-31', 6, 6, 2),
(687, '2015-02-01', 2, 1, 5),
(688, '2015-02-02', 1, 4, 3),
(689, '2015-02-03', 10, 5, 4),
(690, '2015-02-04', 7, 3, 5),
(691, '2015-02-05', 10, 3, 2),
(692, '2015-02-06', 2, 5, 1),
(693, '2015-02-07', 8, 1, 2),
(694, '2015-02-08', 5, 5, 4),
(695, '2015-02-09', 9, 2, 1),
(696, '2015-02-10', 3, 2, 5),
(697, '2015-02-11', 9, 2, 2),
(698, '2015-02-12', 10, 4, 4),
(699, '2015-02-13', 8, 4, 3),
(700, '2015-02-14', 4, 1, 4),
(701, '2015-02-15', 7, 4, 2),
(702, '2015-02-16', 5, 5, 3),
(703, '2015-02-17', 9, 6, 2),
(704, '2015-02-18', 7, 2, 1),
(705, '2015-02-19', 2, 5, 3),
(706, '2015-02-20', 3, 5, 4),
(707, '2015-02-21', 7, 2, 5),
(708, '2015-02-22', 2, 4, 4),
(709, '2015-02-23', 5, 1, 1),
(710, '2015-02-24', 2, 6, 1),
(711, '2015-02-25', 7, 2, 2),
(712, '2015-02-26', 2, 4, 1),
(713, '2015-02-27', 7, 6, 2),
(714, '2015-02-28', 5, 4, 3),
(715, '2015-03-01', 9, 6, 1),
(716, '2015-03-02', 8, 6, 4),
(717, '2015-03-03', 2, 4, 4),
(718, '2015-03-04', 2, 1, 2),
(719, '2015-03-05', 5, 4, 4),
(720, '2015-03-06', 3, 2, 3),
(721, '2015-03-07', 10, 1, 1),
(722, '2015-03-08', 4, 5, 1),
(723, '2015-03-09', 4, 2, 5),
(724, '2015-03-10', 6, 3, 5),
(725, '2015-03-11', 10, 2, 1),
(726, '2015-03-12', 5, 4, 5),
(727, '2015-03-13', 8, 2, 3),
(728, '2015-03-14', 5, 3, 1),
(729, '2015-03-15', 1, 1, 5),
(730, '2015-03-16', 3, 1, 5),
(731, '2015-03-17', 2, 3, 4),
(732, '2015-03-18', 7, 1, 5),
(733, '2015-03-19', 10, 5, 5),
(734, '2015-03-20', 4, 6, 3),
(735, '2015-03-21', 2, 6, 2),
(736, '2015-03-22', 10, 4, 2),
(737, '2015-03-23', 5, 2, 4),
(738, '2015-03-24', 9, 1, 1),
(739, '2015-03-25', 10, 3, 5),
(740, '2015-03-26', 6, 1, 5),
(741, '2015-03-27', 8, 3, 5),
(742, '2015-03-28', 5, 1, 5),
(743, '2015-03-29', 10, 5, 4),
(744, '2015-03-30', 6, 2, 1),
(745, '2015-03-31', 6, 5, 1),
(746, '2015-04-01', 1, 6, 4),
(747, '2015-04-02', 10, 4, 3),
(748, '2015-04-03', 4, 4, 4),
(749, '2015-04-04', 10, 6, 3),
(750, '2015-04-05', 8, 2, 1),
(751, '2015-04-06', 1, 2, 4),
(752, '2015-04-07', 3, 5, 4),
(753, '2015-04-08', 2, 4, 4),
(754, '2015-04-09', 7, 3, 3),
(755, '2015-04-10', 8, 6, 2),
(756, '2015-04-11', 3, 1, 3),
(757, '2015-04-12', 4, 2, 3),
(758, '2015-04-13', 7, 5, 3),
(759, '2015-04-14', 2, 2, 5),
(760, '2015-04-15', 4, 3, 4),
(761, '2015-04-16', 9, 5, 3),
(762, '2015-04-17', 6, 2, 1),
(763, '2015-04-18', 9, 3, 4),
(764, '2015-04-19', 10, 4, 3),
(765, '2015-04-20', 8, 3, 2),
(766, '2015-04-21', 2, 3, 2),
(767, '2015-04-22', 3, 4, 1),
(768, '2015-04-23', 4, 6, 3),
(769, '2015-04-24', 6, 2, 5),
(770, '2015-04-25', 9, 1, 4),
(771, '2015-04-26', 10, 1, 3),
(772, '2015-04-27', 5, 1, 3),
(773, '2015-04-28', 6, 3, 3),
(774, '2015-04-29', 1, 6, 4),
(775, '2015-04-30', 7, 3, 4),
(776, '2015-05-01', 9, 2, 3),
(777, '2015-05-02', 1, 1, 2),
(778, '2015-05-03', 3, 6, 1),
(779, '2015-05-04', 9, 5, 3),
(780, '2015-05-05', 9, 2, 2),
(781, '2015-05-06', 5, 3, 3),
(782, '2015-05-07', 6, 5, 3),
(783, '2015-05-08', 6, 6, 4),
(784, '2015-05-09', 7, 4, 4),
(785, '2015-05-10', 5, 1, 4),
(786, '2015-05-11', 6, 4, 3),
(787, '2015-05-12', 10, 1, 1),
(788, '2015-05-13', 6, 4, 2),
(789, '2015-05-14', 2, 6, 4),
(790, '2015-05-15', 7, 6, 5),
(791, '2015-05-16', 5, 4, 4),
(792, '2015-05-17', 8, 4, 5),
(793, '2015-05-18', 2, 1, 2),
(794, '2015-05-19', 10, 3, 4),
(795, '2015-05-20', 7, 1, 2),
(796, '2015-05-21', 4, 1, 1),
(797, '2015-05-22', 7, 4, 3),
(798, '2015-05-23', 7, 5, 4),
(799, '2015-05-24', 7, 2, 1),
(800, '2015-05-25', 5, 4, 2),
(801, '2015-05-26', 6, 4, 3),
(802, '2015-05-27', 7, 3, 1),
(803, '2015-05-28', 1, 2, 1),
(804, '2015-05-29', 1, 2, 2),
(805, '2015-05-30', 2, 1, 5),
(806, '2015-05-31', 4, 1, 2),
(807, '2015-06-01', 7, 1, 1),
(808, '2015-06-02', 4, 5, 4),
(809, '2015-06-03', 4, 2, 5),
(810, '2015-06-04', 3, 3, 2),
(811, '2015-06-05', 7, 1, 2),
(812, '2015-06-06', 10, 3, 3),
(813, '2015-06-07', 10, 4, 1),
(814, '2015-06-08', 6, 6, 4),
(815, '2015-06-09', 1, 4, 1),
(816, '2015-06-10', 3, 3, 3),
(817, '2015-06-11', 5, 3, 4),
(818, '2015-06-12', 8, 4, 2),
(819, '2015-06-13', 8, 2, 5),
(820, '2015-06-14', 4, 3, 1),
(821, '2015-06-15', 4, 2, 1),
(822, '2015-06-16', 10, 3, 5),
(823, '2015-06-17', 4, 2, 2),
(824, '2015-06-18', 10, 3, 1),
(825, '2015-06-19', 8, 1, 1),
(826, '2015-06-20', 1, 5, 3),
(827, '2015-06-21', 9, 6, 5),
(828, '2015-06-22', 5, 5, 1),
(829, '2015-06-23', 5, 2, 4),
(830, '2015-06-24', 8, 1, 1),
(831, '2015-06-25', 8, 6, 2),
(832, '2015-06-26', 8, 1, 5),
(833, '2015-06-27', 7, 4, 3),
(834, '2015-06-28', 1, 2, 2),
(835, '2015-06-29', 3, 6, 5),
(836, '2015-06-30', 2, 2, 1),
(837, '2015-07-01', 5, 5, 3),
(838, '2015-07-02', 4, 3, 2),
(839, '2015-07-03', 10, 5, 2),
(840, '2015-07-04', 5, 6, 1),
(841, '2015-07-05', 7, 3, 3),
(842, '2015-07-06', 2, 4, 3),
(843, '2015-07-07', 8, 5, 3),
(844, '2015-07-08', 5, 4, 3),
(845, '2015-07-09', 8, 3, 4),
(846, '2015-07-10', 8, 6, 2),
(847, '2015-07-11', 8, 4, 4),
(848, '2015-07-12', 9, 4, 2),
(849, '2015-07-13', 4, 5, 3),
(850, '2015-07-14', 8, 6, 3),
(851, '2015-07-15', 10, 2, 2),
(852, '2015-07-16', 9, 5, 3),
(853, '2015-07-17', 4, 4, 2),
(854, '2015-07-18', 9, 5, 4),
(855, '2015-07-19', 6, 6, 5),
(856, '2015-07-20', 1, 2, 1),
(857, '2015-07-21', 6, 4, 1),
(858, '2015-07-22', 1, 6, 4),
(859, '2015-07-23', 4, 3, 2),
(860, '2015-07-24', 7, 4, 3),
(861, '2015-07-25', 3, 3, 3),
(862, '2015-07-26', 1, 5, 2),
(863, '2015-07-27', 6, 6, 5),
(864, '2015-07-28', 8, 6, 1),
(865, '2015-07-29', 7, 1, 1),
(866, '2015-07-30', 9, 3, 1),
(867, '2015-07-31', 4, 6, 4),
(868, '2015-08-01', 6, 6, 2),
(869, '2015-08-02', 5, 3, 2),
(870, '2015-08-03', 9, 5, 4),
(871, '2015-08-04', 1, 4, 3),
(872, '2015-08-05', 3, 2, 1),
(873, '2015-08-06', 6, 6, 1),
(874, '2015-08-07', 2, 5, 3),
(875, '2015-08-08', 3, 3, 5),
(876, '2015-08-09', 8, 3, 5),
(877, '2015-08-10', 4, 3, 1),
(878, '2015-08-11', 2, 5, 2),
(879, '2015-08-12', 4, 3, 4),
(880, '2015-08-13', 5, 3, 1),
(881, '2015-08-14', 5, 6, 4),
(882, '2015-08-15', 4, 4, 2),
(883, '2015-08-16', 9, 4, 5),
(884, '2015-08-17', 2, 6, 2),
(885, '2015-08-18', 5, 3, 1),
(886, '2015-08-19', 7, 5, 4),
(887, '2015-08-20', 1, 1, 1),
(888, '2015-08-21', 6, 5, 2),
(889, '2015-08-22', 7, 5, 1),
(890, '2015-08-23', 3, 6, 4),
(891, '2015-08-24', 3, 5, 5),
(892, '2015-08-25', 5, 6, 3),
(893, '2015-08-26', 10, 5, 4),
(894, '2015-08-27', 8, 4, 1),
(895, '2015-08-28', 5, 6, 1),
(896, '2015-08-29', 10, 2, 1),
(897, '2015-08-30', 10, 4, 5),
(898, '2015-08-31', 1, 6, 3),
(899, '2015-09-01', 2, 4, 4),
(900, '2015-09-02', 6, 3, 1),
(901, '2015-09-03', 5, 5, 4),
(902, '2015-09-04', 4, 4, 5),
(903, '2015-09-05', 10, 3, 5),
(904, '2015-09-06', 7, 3, 5),
(905, '2015-09-07', 3, 6, 5),
(906, '2015-09-08', 1, 3, 3),
(907, '2015-09-09', 2, 5, 2),
(908, '2015-09-10', 8, 1, 2),
(909, '2015-09-11', 1, 2, 4),
(910, '2015-09-12', 2, 4, 2),
(911, '2015-09-13', 9, 1, 1),
(912, '2015-09-14', 3, 2, 1),
(913, '2015-09-15', 2, 4, 5),
(914, '2015-09-16', 3, 5, 3),
(915, '2015-09-17', 8, 4, 3),
(916, '2015-09-18', 4, 3, 4),
(917, '2015-09-19', 10, 1, 3),
(918, '2015-09-20', 1, 4, 4),
(919, '2015-09-21', 3, 6, 3),
(920, '2015-09-22', 10, 3, 3),
(921, '2015-09-23', 9, 1, 5),
(922, '2015-09-24', 2, 3, 2),
(923, '2015-09-25', 3, 3, 1),
(924, '2015-09-26', 7, 6, 2),
(925, '2015-09-27', 8, 6, 5),
(926, '2015-09-28', 2, 6, 3),
(927, '2015-09-29', 3, 5, 3),
(928, '2015-09-30', 10, 3, 4),
(929, '2015-10-01', 2, 6, 1),
(930, '2015-10-02', 5, 1, 2),
(931, '2015-10-03', 2, 1, 4),
(932, '2015-10-04', 6, 5, 5),
(933, '2015-10-05', 2, 2, 3),
(934, '2015-10-06', 9, 2, 5),
(935, '2015-10-07', 3, 5, 3),
(936, '2015-10-08', 2, 5, 1),
(937, '2015-10-09', 3, 3, 5),
(938, '2015-10-10', 4, 2, 5),
(939, '2015-10-11', 6, 1, 4),
(940, '2015-10-12', 1, 1, 4),
(941, '2015-10-13', 5, 5, 2),
(942, '2015-10-14', 7, 4, 5),
(943, '2015-10-15', 4, 6, 4),
(944, '2015-10-16', 3, 5, 4),
(945, '2015-10-17', 2, 3, 1),
(946, '2015-10-18', 5, 5, 3),
(947, '2015-10-19', 2, 1, 4),
(948, '2015-10-20', 7, 4, 1),
(949, '2015-10-21', 8, 4, 3),
(950, '2015-10-22', 3, 4, 1),
(951, '2015-10-23', 10, 2, 3),
(952, '2015-10-24', 8, 6, 3),
(953, '2015-10-25', 4, 4, 5),
(954, '2015-10-26', 3, 3, 2),
(955, '2015-10-27', 10, 4, 4),
(956, '2015-10-28', 7, 2, 2),
(957, '2015-10-29', 2, 5, 2),
(958, '2015-10-30', 8, 3, 2),
(959, '2015-10-31', 6, 4, 5),
(960, '2015-11-01', 3, 2, 4),
(961, '2015-11-02', 7, 4, 4),
(962, '2015-11-03', 5, 4, 5),
(963, '2015-11-04', 4, 4, 4),
(964, '2015-11-05', 7, 2, 3),
(965, '2015-11-06', 4, 1, 2),
(966, '2015-11-07', 9, 1, 4),
(967, '2015-11-08', 1, 3, 5),
(968, '2015-11-09', 1, 5, 3),
(969, '2015-11-10', 3, 6, 4),
(970, '2015-11-11', 7, 6, 1),
(971, '2015-11-12', 3, 6, 4),
(972, '2015-11-13', 9, 1, 5),
(973, '2015-11-14', 10, 3, 2),
(974, '2015-11-15', 8, 6, 1),
(975, '2015-11-16', 3, 6, 3),
(976, '2015-11-17', 4, 2, 5),
(977, '2015-11-18', 5, 2, 5),
(978, '2015-11-19', 9, 6, 4),
(979, '2015-11-20', 5, 6, 5),
(980, '2015-11-21', 8, 5, 5),
(981, '2015-11-22', 9, 3, 4),
(982, '2015-11-23', 9, 5, 3),
(983, '2015-11-24', 7, 3, 5),
(984, '2015-11-25', 2, 1, 1),
(985, '2015-11-26', 8, 6, 2),
(986, '2015-11-27', 1, 5, 5),
(987, '2015-11-28', 5, 5, 5),
(988, '2015-11-29', 2, 5, 5),
(989, '2015-11-30', 5, 1, 5),
(990, '2015-12-01', 4, 4, 3),
(991, '2015-12-02', 1, 3, 1),
(992, '2015-12-03', 1, 1, 4),
(993, '2015-12-04', 10, 2, 3),
(994, '2015-12-05', 6, 6, 3),
(995, '2015-12-06', 1, 4, 4),
(996, '2015-12-07', 2, 2, 1),
(997, '2015-12-08', 6, 5, 3),
(998, '2015-12-09', 3, 5, 5),
(999, '2015-12-10', 10, 5, 4),
(1000, '2015-12-11', 8, 5, 4),
(1001, '2015-12-12', 4, 6, 1),
(1002, '2015-12-13', 1, 5, 1),
(1003, '2015-12-14', 8, 5, 3),
(1004, '2015-12-15', 10, 2, 5),
(1005, '2015-12-16', 1, 4, 3),
(1006, '2015-12-17', 2, 2, 5),
(1007, '2015-12-18', 5, 3, 5),
(1008, '2015-12-19', 10, 5, 2),
(1009, '2015-12-20', 2, 4, 1),
(1010, '2015-12-21', 2, 2, 5),
(1011, '2015-12-22', 4, 4, 5),
(1012, '2015-12-23', 3, 5, 5),
(1013, '2015-12-24', 8, 3, 1),
(1014, '2015-12-25', 5, 1, 5),
(1015, '2015-12-26', 2, 3, 5),
(1016, '2015-12-27', 5, 1, 4),
(1017, '2015-12-28', 5, 1, 1),
(1018, '2015-12-29', 4, 1, 1),
(1019, '2015-12-30', 8, 3, 3),
(1020, '2015-12-31', 1, 6, 4),
(1021, '2016-01-01', 9, 3, 4),
(1022, '2016-01-02', 10, 1, 4),
(1023, '2016-01-03', 5, 5, 4),
(1024, '2016-01-04', 7, 5, 1),
(1025, '2016-01-05', 3, 1, 1),
(1026, '2016-01-06', 10, 5, 2),
(1027, '2016-01-07', 4, 6, 2),
(1028, '2016-01-08', 1, 6, 1),
(1029, '2016-01-09', 1, 6, 4),
(1030, '2016-01-10', 9, 3, 4),
(1031, '2016-01-11', 2, 5, 4),
(1032, '2016-01-12', 8, 6, 5),
(1033, '2016-01-13', 1, 2, 2),
(1034, '2016-01-14', 1, 1, 4),
(1035, '2016-01-15', 5, 6, 3),
(1036, '2016-01-16', 8, 3, 2),
(1037, '2016-01-17', 9, 4, 2),
(1038, '2016-01-18', 5, 1, 3),
(1039, '2016-01-19', 7, 3, 5),
(1040, '2016-01-20', 5, 6, 4),
(1041, '2016-01-21', 5, 5, 5),
(1042, '2016-01-22', 5, 1, 4),
(1043, '2016-01-23', 9, 3, 2),
(1044, '2016-01-24', 2, 1, 4),
(1045, '2016-01-25', 10, 5, 3),
(1046, '2016-01-26', 3, 3, 3),
(1047, '2016-01-27', 1, 3, 4),
(1048, '2016-01-28', 3, 4, 3),
(1049, '2016-01-29', 9, 4, 4),
(1050, '2016-01-30', 8, 1, 1),
(1051, '2016-01-31', 5, 3, 1),
(1052, '2016-02-01', 4, 3, 1),
(1053, '2016-02-02', 2, 6, 4),
(1054, '2016-02-03', 6, 5, 2),
(1055, '2016-02-04', 1, 6, 5),
(1056, '2016-02-05', 9, 2, 4),
(1057, '2016-02-06', 10, 4, 4),
(1058, '2016-02-07', 4, 4, 2),
(1059, '2016-02-08', 4, 2, 4),
(1060, '2016-02-09', 7, 4, 1),
(1061, '2016-02-10', 7, 4, 3),
(1062, '2016-02-11', 7, 3, 2),
(1063, '2016-02-12', 7, 1, 4),
(1064, '2016-02-13', 7, 5, 1),
(1065, '2016-02-14', 2, 6, 2),
(1066, '2016-02-15', 8, 5, 3),
(1067, '2016-02-16', 10, 1, 1),
(1068, '2016-02-17', 2, 1, 2),
(1069, '2016-02-18', 8, 2, 2),
(1070, '2016-02-19', 5, 6, 3),
(1071, '2016-02-20', 3, 5, 1),
(1072, '2016-02-21', 7, 4, 4),
(1073, '2016-02-22', 9, 2, 2),
(1074, '2016-02-23', 9, 5, 5),
(1075, '2016-02-24', 2, 6, 2),
(1076, '2016-02-25', 8, 4, 4),
(1077, '2016-02-26', 8, 4, 4),
(1078, '2016-02-27', 2, 3, 5),
(1079, '2016-02-28', 9, 4, 2),
(1080, '2016-02-29', 9, 1, 3),
(1081, '2016-03-01', 10, 4, 1),
(1082, '2016-03-02', 2, 2, 2),
(1083, '2016-03-03', 1, 6, 3),
(1084, '2016-03-04', 2, 4, 1),
(1085, '2016-03-05', 2, 4, 3),
(1086, '2016-03-06', 5, 4, 4),
(1087, '2016-03-07', 5, 6, 1),
(1088, '2016-03-08', 6, 3, 3),
(1089, '2016-03-09', 1, 5, 2),
(1090, '2016-03-10', 1, 2, 2),
(1091, '2016-03-11', 4, 5, 2),
(1092, '2016-03-12', 7, 5, 1),
(1093, '2016-03-13', 6, 3, 4),
(1094, '2016-03-14', 2, 5, 5),
(1095, '2016-03-15', 9, 5, 2),
(1096, '2016-03-16', 3, 2, 1),
(1097, '2016-03-17', 2, 2, 4),
(1098, '2016-03-18', 6, 4, 2),
(1099, '2016-03-19', 4, 1, 4),
(1100, '2016-03-20', 5, 6, 3),
(1101, '2016-03-21', 9, 2, 2),
(1102, '2016-03-22', 7, 2, 3),
(1103, '2016-03-23', 1, 1, 5),
(1104, '2016-03-24', 1, 6, 4),
(1105, '2016-03-25', 10, 5, 1),
(1106, '2016-03-26', 10, 4, 5),
(1107, '2016-03-27', 8, 5, 1),
(1108, '2016-03-28', 6, 4, 5),
(1109, '2016-03-29', 9, 3, 1),
(1110, '2016-03-30', 1, 2, 1),
(1111, '2016-03-31', 2, 2, 4),
(1112, '2016-04-01', 10, 4, 3),
(1113, '2016-04-02', 3, 3, 3),
(1114, '2016-04-03', 9, 5, 1),
(1115, '2016-04-04', 9, 1, 5),
(1116, '2016-04-05', 1, 4, 2),
(1117, '2016-04-06', 1, 6, 5),
(1118, '2016-04-07', 8, 5, 4),
(1119, '2016-04-08', 2, 3, 5),
(1120, '2016-04-09', 3, 4, 5),
(1121, '2016-04-10', 3, 6, 4),
(1122, '2016-04-11', 6, 6, 2),
(1123, '2016-04-12', 5, 2, 2),
(1124, '2016-04-13', 9, 3, 5),
(1125, '2016-04-14', 8, 1, 1),
(1126, '2016-04-15', 2, 3, 1),
(1127, '2016-04-16', 9, 3, 4),
(1128, '2016-04-17', 10, 4, 3),
(1129, '2016-04-18', 8, 1, 2),
(1130, '2016-04-19', 2, 3, 4),
(1131, '2016-04-20', 1, 5, 1),
(1132, '2016-04-21', 4, 3, 1),
(1133, '2016-04-22', 2, 3, 1),
(1134, '2016-04-23', 3, 6, 3),
(1135, '2016-04-24', 7, 6, 3),
(1136, '2016-04-25', 5, 4, 4),
(1137, '2016-04-26', 3, 2, 3),
(1138, '2016-04-27', 6, 6, 1),
(1139, '2016-04-28', 3, 6, 4),
(1140, '2016-04-29', 5, 4, 3),
(1141, '2016-04-30', 4, 4, 2),
(1142, '2016-05-01', 8, 5, 2),
(1143, '2016-05-02', 1, 5, 3),
(1144, '2016-05-03', 1, 5, 2),
(1145, '2016-05-04', 10, 6, 3),
(1146, '2016-05-05', 6, 6, 2),
(1147, '2016-05-06', 2, 6, 4),
(1148, '2016-05-07', 10, 5, 4),
(1149, '2016-05-08', 5, 1, 2),
(1150, '2016-05-09', 4, 1, 4),
(1151, '2016-05-10', 1, 2, 4),
(1152, '2016-05-11', 1, 4, 3),
(1153, '2016-05-12', 1, 1, 3),
(1154, '2016-05-13', 10, 4, 4),
(1155, '2016-05-14', 2, 5, 4),
(1156, '2016-05-15', 9, 2, 1),
(1157, '2016-05-16', 1, 4, 4),
(1158, '2016-05-17', 2, 6, 2),
(1159, '2016-05-18', 9, 5, 3),
(1160, '2016-05-19', 4, 3, 5),
(1161, '2016-05-20', 8, 5, 2),
(1162, '2016-05-21', 10, 2, 2),
(1163, '2016-05-22', 6, 5, 2),
(1164, '2016-05-23', 2, 5, 3),
(1165, '2016-05-24', 6, 6, 1),
(1166, '2016-05-25', 7, 1, 5),
(1167, '2016-05-26', 9, 6, 1),
(1168, '2016-05-27', 5, 6, 3),
(1169, '2016-05-28', 2, 3, 3),
(1170, '2016-05-29', 10, 5, 3),
(1171, '2016-05-30', 9, 3, 4),
(1172, '2016-05-31', 3, 6, 1),
(1173, '2016-06-01', 4, 3, 4),
(1174, '2016-06-02', 5, 5, 1),
(1175, '2016-06-03', 7, 1, 4),
(1176, '2016-06-04', 10, 2, 2),
(1177, '2016-06-05', 10, 3, 1),
(1178, '2016-06-06', 2, 5, 3),
(1179, '2016-06-07', 5, 4, 1),
(1180, '2016-06-08', 10, 1, 3),
(1181, '2016-06-09', 10, 4, 1),
(1182, '2016-06-10', 6, 2, 3),
(1183, '2016-06-11', 10, 6, 5),
(1184, '2016-06-12', 8, 4, 5),
(1185, '2016-06-13', 5, 1, 2),
(1186, '2016-06-14', 8, 5, 5),
(1187, '2016-06-15', 5, 4, 1),
(1188, '2016-06-16', 2, 2, 3),
(1189, '2016-06-17', 2, 5, 4),
(1190, '2016-06-18', 3, 4, 5),
(1191, '2016-06-19', 10, 1, 4),
(1192, '2016-06-20', 6, 5, 1),
(1193, '2016-06-21', 7, 5, 2),
(1194, '2016-06-22', 1, 3, 5),
(1195, '2016-06-23', 9, 5, 4),
(1196, '2016-06-24', 7, 2, 4),
(1197, '2016-06-25', 6, 5, 2),
(1198, '2016-06-26', 10, 2, 2),
(1199, '2016-06-27', 5, 4, 1),
(1200, '2016-06-28', 7, 5, 2),
(1201, '2016-06-29', 5, 2, 1),
(1202, '2016-06-30', 1, 3, 3),
(1203, '2016-07-01', 2, 3, 2),
(1204, '2016-07-02', 2, 4, 2),
(1205, '2016-07-03', 2, 3, 2),
(1206, '2016-07-04', 5, 5, 3),
(1207, '2016-07-05', 7, 5, 2),
(1208, '2016-07-06', 4, 1, 5),
(1209, '2016-07-07', 10, 6, 4),
(1210, '2016-07-08', 9, 2, 5),
(1211, '2016-07-09', 5, 1, 4),
(1212, '2016-07-10', 1, 2, 5),
(1213, '2016-07-11', 9, 6, 1),
(1214, '2016-07-12', 5, 6, 3),
(1215, '2016-07-13', 4, 5, 5),
(1216, '2016-07-14', 9, 4, 1),
(1217, '2016-07-15', 1, 6, 4),
(1218, '2016-07-16', 6, 6, 5),
(1219, '2016-07-17', 9, 1, 4),
(1220, '2016-07-18', 8, 5, 5),
(1221, '2016-07-19', 3, 4, 5),
(1222, '2016-07-20', 8, 2, 5),
(1223, '2016-07-21', 10, 5, 1),
(1224, '2016-07-22', 10, 5, 1),
(1225, '2016-07-23', 3, 1, 4),
(1226, '2016-07-24', 10, 5, 5),
(1227, '2016-07-25', 4, 2, 1),
(1228, '2016-07-26', 3, 5, 1),
(1229, '2016-07-27', 2, 6, 4),
(1230, '2016-07-28', 9, 2, 3),
(1231, '2016-07-29', 6, 4, 1),
(1232, '2016-07-30', 10, 5, 5),
(1233, '2016-07-31', 9, 4, 3),
(1234, '2016-08-01', 8, 3, 4),
(1235, '2016-08-02', 3, 5, 3),
(1236, '2016-08-03', 9, 6, 1),
(1237, '2016-08-04', 1, 2, 5),
(1238, '2016-08-05', 3, 4, 4),
(1239, '2016-08-06', 8, 1, 2),
(1240, '2016-08-07', 8, 1, 1),
(1241, '2016-08-08', 1, 5, 1),
(1242, '2016-08-09', 6, 5, 3),
(1243, '2016-08-10', 3, 6, 3),
(1244, '2016-08-11', 9, 6, 2),
(1245, '2016-08-12', 3, 3, 5),
(1246, '2016-08-13', 1, 1, 1),
(1247, '2016-08-14', 4, 2, 1),
(1248, '2016-08-15', 7, 4, 4),
(1249, '2016-08-16', 9, 2, 3),
(1250, '2016-08-17', 8, 3, 3),
(1251, '2016-08-18', 1, 4, 5),
(1252, '2016-08-19', 7, 4, 4),
(1253, '2016-08-20', 4, 5, 1),
(1254, '2016-08-21', 9, 6, 5),
(1255, '2016-08-22', 2, 2, 4),
(1256, '2016-08-23', 5, 1, 1),
(1257, '2016-08-24', 5, 1, 3),
(1258, '2016-08-25', 9, 6, 3),
(1259, '2016-08-26', 6, 3, 3),
(1260, '2016-08-27', 10, 1, 3),
(1261, '2016-08-28', 7, 5, 4),
(1262, '2016-08-29', 10, 1, 3),
(1263, '2016-08-30', 7, 5, 2),
(1264, '2016-08-31', 3, 3, 1),
(1265, '2016-09-01', 10, 6, 1),
(1266, '2016-09-02', 2, 2, 1),
(1267, '2016-09-03', 6, 2, 5),
(1268, '2016-09-04', 7, 3, 4),
(1269, '2016-09-05', 9, 4, 4),
(1270, '2016-09-06', 5, 6, 2),
(1271, '2016-09-07', 4, 6, 1),
(1272, '2016-09-08', 5, 1, 3),
(1273, '2016-09-09', 1, 2, 5),
(1274, '2016-09-10', 8, 4, 2),
(1275, '2016-09-11', 8, 1, 4),
(1276, '2016-09-12', 3, 5, 4),
(1277, '2016-09-13', 4, 2, 1),
(1278, '2016-09-14', 7, 4, 1),
(1279, '2016-09-15', 2, 3, 4),
(1280, '2016-09-16', 9, 4, 4),
(1281, '2016-09-17', 3, 5, 5),
(1282, '2016-09-18', 8, 3, 2),
(1283, '2016-09-19', 10, 2, 4),
(1284, '2016-09-20', 5, 3, 4),
(1285, '2016-09-21', 1, 4, 1),
(1286, '2016-09-22', 7, 1, 5),
(1287, '2016-09-23', 2, 2, 4),
(1288, '2016-09-24', 1, 5, 4),
(1289, '2016-09-25', 2, 4, 4),
(1290, '2016-09-26', 9, 1, 3),
(1291, '2016-09-27', 10, 5, 5),
(1292, '2016-09-28', 9, 3, 3),
(1293, '2016-09-29', 4, 3, 4),
(1294, '2016-09-30', 4, 3, 1),
(1295, '2016-10-01', 7, 1, 1),
(1296, '2016-10-02', 8, 2, 5),
(1297, '2016-10-03', 1, 6, 1),
(1298, '2016-10-04', 8, 3, 3),
(1299, '2016-10-05', 2, 3, 1),
(1300, '2016-10-06', 8, 4, 2),
(1301, '2016-10-07', 6, 3, 1),
(1302, '2016-10-08', 5, 2, 4),
(1303, '2016-10-09', 3, 5, 3),
(1304, '2016-10-10', 5, 3, 3),
(1305, '2016-10-11', 2, 5, 2),
(1306, '2016-10-12', 7, 1, 3),
(1307, '2016-10-13', 5, 1, 1),
(1308, '2016-10-14', 6, 1, 3),
(1309, '2015-01-01', 8, 5, 2),
(1310, '2015-01-02', 2, 5, 5),
(1311, '2015-01-03', 9, 2, 3),
(1312, '2015-01-04', 9, 1, 2),
(1313, '2015-01-05', 5, 2, 2),
(1314, '2015-01-06', 8, 4, 3),
(1315, '2015-01-07', 6, 5, 2),
(1316, '2015-01-08', 3, 2, 1),
(1317, '2015-01-09', 1, 1, 1),
(1318, '2015-01-10', 1, 1, 2),
(1319, '2015-01-11', 6, 2, 5),
(1320, '2015-01-12', 2, 6, 1),
(1321, '2015-01-13', 1, 1, 1),
(1322, '2015-01-14', 6, 3, 1),
(1323, '2015-01-15', 4, 1, 5),
(1324, '2015-01-16', 7, 2, 3),
(1325, '2015-01-17', 1, 6, 3),
(1326, '2015-01-18', 5, 1, 2),
(1327, '2015-01-19', 10, 3, 4),
(1328, '2015-01-20', 7, 6, 4),
(1329, '2015-01-21', 5, 6, 5),
(1330, '2015-01-22', 8, 6, 5),
(1331, '2015-01-23', 9, 4, 1),
(1332, '2015-01-24', 6, 6, 3),
(1333, '2015-01-25', 2, 3, 1),
(1334, '2015-01-26', 2, 1, 3),
(1335, '2015-01-27', 10, 6, 4),
(1336, '2015-01-28', 4, 4, 1),
(1337, '2015-01-29', 1, 5, 4),
(1338, '2015-01-30', 2, 1, 4),
(1339, '2015-01-31', 7, 1, 4),
(1340, '2015-02-01', 9, 1, 2),
(1341, '2015-02-02', 2, 6, 3),
(1342, '2015-02-03', 6, 4, 4),
(1343, '2015-02-04', 9, 2, 1),
(1344, '2015-02-05', 8, 4, 2),
(1345, '2015-02-06', 8, 4, 1),
(1346, '2015-02-07', 6, 4, 1),
(1347, '2015-02-08', 3, 3, 1),
(1348, '2015-02-09', 2, 3, 4),
(1349, '2015-02-10', 6, 2, 5),
(1350, '2015-02-11', 9, 2, 3),
(1351, '2015-02-12', 5, 3, 2),
(1352, '2015-02-13', 4, 6, 3),
(1353, '2015-02-14', 1, 2, 3),
(1354, '2015-02-15', 9, 6, 1),
(1355, '2015-02-16', 2, 1, 3),
(1356, '2015-02-17', 2, 5, 2),
(1357, '2015-02-18', 8, 4, 3),
(1358, '2015-02-19', 9, 2, 1),
(1359, '2015-02-20', 4, 2, 4),
(1360, '2015-02-21', 6, 5, 2),
(1361, '2015-02-22', 5, 6, 4),
(1362, '2015-02-23', 1, 2, 5),
(1363, '2015-02-24', 7, 5, 5),
(1364, '2015-02-25', 3, 1, 4),
(1365, '2015-02-26', 8, 5, 3),
(1366, '2015-02-27', 9, 3, 1),
(1367, '2015-02-28', 7, 4, 5),
(1368, '2015-03-01', 4, 1, 4),
(1369, '2015-03-02', 1, 5, 4),
(1370, '2015-03-03', 4, 4, 5),
(1371, '2015-03-04', 1, 4, 3),
(1372, '2015-03-05', 10, 6, 5),
(1373, '2015-03-06', 2, 5, 4),
(1374, '2015-03-07', 3, 1, 3),
(1375, '2015-03-08', 5, 4, 1),
(1376, '2015-03-09', 8, 3, 2),
(1377, '2015-03-10', 6, 3, 3),
(1378, '2015-03-11', 6, 1, 1),
(1379, '2015-03-12', 7, 4, 2),
(1380, '2015-03-13', 5, 3, 5),
(1381, '2015-03-14', 8, 2, 2),
(1382, '2015-03-15', 6, 3, 4),
(1383, '2015-03-16', 6, 2, 1),
(1384, '2015-03-17', 4, 1, 1),
(1385, '2015-03-18', 6, 6, 1),
(1386, '2015-03-19', 5, 5, 3),
(1387, '2015-03-20', 4, 5, 4),
(1388, '2015-03-21', 6, 4, 4),
(1389, '2015-03-22', 5, 2, 1),
(1390, '2015-03-23', 7, 5, 1),
(1391, '2015-03-24', 9, 6, 3),
(1392, '2015-03-25', 6, 1, 1),
(1393, '2015-03-26', 4, 6, 3),
(1394, '2015-03-27', 3, 2, 2),
(1395, '2015-03-28', 10, 1, 3),
(1396, '2015-03-29', 5, 6, 2),
(1397, '2015-03-30', 5, 5, 5),
(1398, '2015-03-31', 6, 2, 2),
(1399, '2015-04-01', 1, 5, 1),
(1400, '2015-04-02', 7, 3, 5),
(1401, '2015-04-03', 4, 4, 5),
(1402, '2015-04-04', 5, 4, 2),
(1403, '2015-04-05', 10, 4, 4),
(1404, '2015-04-06', 2, 5, 3),
(1405, '2015-04-07', 3, 1, 1),
(1406, '2015-04-08', 8, 1, 5),
(1407, '2015-04-09', 8, 4, 5),
(1408, '2015-04-10', 10, 6, 3),
(1409, '2015-04-11', 6, 2, 4),
(1410, '2015-04-12', 2, 4, 4),
(1411, '2015-04-13', 2, 1, 5),
(1412, '2015-04-14', 7, 3, 1),
(1413, '2015-04-15', 1, 5, 3),
(1414, '2015-04-16', 6, 4, 1),
(1415, '2015-04-17', 3, 3, 1),
(1416, '2015-04-18', 7, 5, 1),
(1417, '2015-04-19', 7, 6, 2),
(1418, '2015-04-20', 8, 4, 3),
(1419, '2015-04-21', 8, 1, 3),
(1420, '2015-04-22', 8, 5, 1),
(1421, '2015-04-23', 1, 5, 3),
(1422, '2015-04-24', 3, 6, 5),
(1423, '2015-04-25', 9, 2, 2),
(1424, '2015-04-26', 6, 2, 1),
(1425, '2015-04-27', 7, 1, 5),
(1426, '2015-04-28', 9, 2, 5),
(1427, '2015-04-29', 4, 6, 5),
(1428, '2015-04-30', 2, 2, 5),
(1429, '2015-05-01', 9, 3, 2),
(1430, '2015-05-02', 9, 4, 3),
(1431, '2015-05-03', 1, 1, 1),
(1432, '2015-05-04', 8, 1, 5),
(1433, '2015-05-05', 10, 2, 1),
(1434, '2015-05-06', 3, 5, 5),
(1435, '2015-05-07', 10, 1, 3),
(1436, '2015-05-08', 10, 1, 5),
(1437, '2015-05-09', 3, 6, 1),
(1438, '2015-05-10', 6, 4, 4),
(1439, '2015-05-11', 1, 6, 1),
(1440, '2015-05-12', 10, 4, 3),
(1441, '2015-05-13', 9, 4, 5),
(1442, '2015-05-14', 3, 2, 3),
(1443, '2015-05-15', 8, 4, 1),
(1444, '2015-05-16', 6, 5, 4),
(1445, '2015-05-17', 10, 4, 2),
(1446, '2015-05-18', 9, 4, 5),
(1447, '2015-05-19', 5, 2, 1),
(1448, '2015-05-20', 3, 6, 1),
(1449, '2015-05-21', 4, 4, 5),
(1450, '2015-05-22', 7, 1, 3),
(1451, '2015-05-23', 10, 5, 4),
(1452, '2015-05-24', 8, 4, 3),
(1453, '2015-05-25', 2, 1, 1),
(1454, '2015-05-26', 5, 3, 1),
(1455, '2015-05-27', 4, 3, 5),
(1456, '2015-05-28', 6, 3, 5),
(1457, '2015-05-29', 3, 5, 4),
(1458, '2015-05-30', 6, 6, 2),
(1459, '2015-05-31', 6, 5, 1),
(1460, '2015-06-01', 5, 3, 4),
(1461, '2015-06-02', 6, 5, 3),
(1462, '2015-06-03', 5, 4, 4),
(1463, '2015-06-04', 2, 2, 1),
(1464, '2015-06-05', 7, 1, 3),
(1465, '2015-06-06', 3, 4, 4),
(1466, '2015-06-07', 4, 6, 4),
(1467, '2015-06-08', 1, 2, 2),
(1468, '2015-06-09', 9, 4, 3),
(1469, '2015-06-10', 2, 4, 3),
(1470, '2015-06-11', 2, 6, 2),
(1471, '2015-06-12', 5, 2, 5),
(1472, '2015-06-13', 9, 2, 4),
(1473, '2015-06-14', 10, 6, 4),
(1474, '2015-06-15', 9, 4, 1),
(1475, '2015-06-16', 4, 5, 3),
(1476, '2015-06-17', 4, 1, 1),
(1477, '2015-06-18', 8, 3, 2),
(1478, '2015-06-19', 8, 2, 5),
(1479, '2015-06-20', 3, 2, 1),
(1480, '2015-06-21', 2, 2, 2),
(1481, '2015-06-22', 1, 5, 5),
(1482, '2015-06-23', 7, 6, 5),
(1483, '2015-06-24', 1, 6, 3),
(1484, '2015-06-25', 5, 5, 3),
(1485, '2015-06-26', 7, 1, 5),
(1486, '2015-06-27', 3, 3, 1),
(1487, '2015-06-28', 5, 2, 4),
(1488, '2015-06-29', 4, 3, 1),
(1489, '2015-06-30', 5, 6, 3),
(1490, '2015-07-01', 7, 4, 2),
(1491, '2015-07-02', 10, 2, 1),
(1492, '2015-07-03', 4, 3, 3),
(1493, '2015-07-04', 10, 4, 3),
(1494, '2015-07-05', 9, 3, 4),
(1495, '2015-07-06', 6, 5, 3),
(1496, '2015-07-07', 1, 5, 5),
(1497, '2015-07-08', 9, 5, 4),
(1498, '2015-07-09', 10, 3, 1),
(1499, '2015-07-10', 1, 3, 4),
(1500, '2015-07-11', 2, 5, 1),
(1501, '2015-07-12', 8, 5, 4),
(1502, '2015-07-13', 2, 5, 1),
(1503, '2015-07-14', 6, 6, 3),
(1504, '2015-07-15', 5, 5, 3),
(1505, '2015-07-16', 9, 2, 3),
(1506, '2015-07-17', 6, 6, 1),
(1507, '2015-07-18', 5, 2, 3),
(1508, '2015-07-19', 5, 4, 3),
(1509, '2015-07-20', 10, 6, 4),
(1510, '2015-07-21', 7, 5, 4),
(1511, '2015-07-22', 8, 2, 5),
(1512, '2015-07-23', 3, 2, 1),
(1513, '2015-07-24', 10, 6, 4),
(1514, '2015-07-25', 6, 3, 3),
(1515, '2015-07-26', 8, 2, 2),
(1516, '2015-07-27', 4, 2, 1),
(1517, '2015-07-28', 3, 4, 5),
(1518, '2015-07-29', 10, 5, 4),
(1519, '2015-07-30', 7, 3, 3),
(1520, '2015-07-31', 9, 6, 5),
(1521, '2015-08-01', 5, 5, 4),
(1522, '2015-08-02', 2, 2, 2),
(1523, '2015-08-03', 5, 1, 2),
(1524, '2015-08-04', 5, 2, 1),
(1525, '2015-08-05', 8, 2, 2),
(1526, '2015-08-06', 4, 1, 4),
(1527, '2015-08-07', 3, 5, 2),
(1528, '2015-08-08', 6, 1, 4),
(1529, '2015-08-09', 2, 6, 4),
(1530, '2015-08-10', 6, 4, 5),
(1531, '2015-08-11', 9, 2, 4),
(1532, '2015-08-12', 5, 4, 4),
(1533, '2015-08-13', 10, 4, 3),
(1534, '2015-08-14', 4, 2, 1),
(1535, '2015-08-15', 3, 1, 2),
(1536, '2015-08-16', 3, 1, 2),
(1537, '2015-08-17', 1, 6, 3),
(1538, '2015-08-18', 7, 4, 4),
(1539, '2015-08-19', 2, 5, 2),
(1540, '2015-08-20', 9, 5, 5),
(1541, '2015-08-21', 4, 2, 3),
(1542, '2015-08-22', 9, 3, 4),
(1543, '2015-08-23', 1, 2, 3),
(1544, '2015-08-24', 10, 1, 3),
(1545, '2015-08-25', 7, 6, 4),
(1546, '2015-08-26', 5, 6, 4),
(1547, '2015-08-27', 7, 1, 4),
(1548, '2015-08-28', 10, 4, 1),
(1549, '2015-08-29', 7, 6, 3),
(1550, '2015-08-30', 2, 4, 3),
(1551, '2015-08-31', 7, 3, 4),
(1552, '2015-09-01', 5, 5, 5),
(1553, '2015-09-02', 3, 5, 4),
(1554, '2015-09-03', 2, 1, 3),
(1555, '2015-09-04', 7, 3, 4),
(1556, '2015-09-05', 7, 5, 4),
(1557, '2015-09-06', 2, 4, 3),
(1558, '2015-09-07', 7, 2, 3),
(1559, '2015-09-08', 5, 5, 3),
(1560, '2015-09-09', 10, 1, 5),
(1561, '2015-09-10', 5, 1, 1),
(1562, '2015-09-11', 8, 5, 1),
(1563, '2015-09-12', 6, 4, 3),
(1564, '2015-09-13', 10, 2, 4),
(1565, '2015-09-14', 7, 3, 5),
(1566, '2015-09-15', 3, 1, 5),
(1567, '2015-09-16', 3, 6, 3),
(1568, '2015-09-17', 3, 4, 1),
(1569, '2015-09-18', 5, 4, 5),
(1570, '2015-09-19', 7, 4, 3),
(1571, '2015-09-20', 6, 4, 1),
(1572, '2015-09-21', 3, 2, 2),
(1573, '2015-09-22', 6, 3, 3),
(1574, '2015-09-23', 1, 5, 4),
(1575, '2015-09-24', 5, 6, 3),
(1576, '2015-09-25', 2, 4, 2),
(1577, '2015-09-26', 3, 5, 4),
(1578, '2015-09-27', 6, 5, 2),
(1579, '2015-09-28', 10, 4, 1),
(1580, '2015-09-29', 6, 4, 4),
(1581, '2015-09-30', 8, 6, 5),
(1582, '2015-10-01', 9, 5, 2),
(1583, '2015-10-02', 10, 1, 3),
(1584, '2015-10-03', 8, 4, 2),
(1585, '2015-10-04', 10, 6, 3),
(1586, '2015-10-05', 3, 5, 3),
(1587, '2015-10-06', 10, 4, 5),
(1588, '2015-10-07', 7, 3, 4),
(1589, '2015-10-08', 8, 6, 3),
(1590, '2015-10-09', 6, 2, 5),
(1591, '2015-10-10', 3, 3, 1),
(1592, '2015-10-11', 4, 4, 5),
(1593, '2015-10-12', 6, 2, 2),
(1594, '2015-10-13', 8, 5, 5),
(1595, '2015-10-14', 10, 6, 1),
(1596, '2015-10-15', 2, 1, 5),
(1597, '2015-10-16', 1, 1, 5),
(1598, '2015-10-17', 10, 4, 3),
(1599, '2015-10-18', 9, 3, 5),
(1600, '2015-10-19', 1, 1, 4),
(1601, '2015-10-20', 9, 1, 4),
(1602, '2015-10-21', 8, 1, 3),
(1603, '2015-10-22', 5, 2, 3),
(1604, '2015-10-23', 3, 3, 3),
(1605, '2015-10-24', 1, 6, 2),
(1606, '2015-10-25', 4, 4, 4),
(1607, '2015-10-26', 8, 1, 1),
(1608, '2015-10-27', 10, 5, 2),
(1609, '2015-10-28', 7, 6, 1),
(1610, '2015-10-29', 1, 2, 2),
(1611, '2015-10-30', 5, 5, 4),
(1612, '2015-10-31', 10, 5, 4),
(1613, '2015-11-01', 2, 6, 5),
(1614, '2015-11-02', 8, 3, 1),
(1615, '2015-11-03', 6, 5, 2),
(1616, '2015-11-04', 1, 4, 2),
(1617, '2015-11-05', 8, 4, 4),
(1618, '2015-11-06', 1, 3, 1),
(1619, '2015-11-07', 3, 6, 2),
(1620, '2015-11-08', 7, 4, 1),
(1621, '2015-11-09', 6, 1, 5),
(1622, '2015-11-10', 1, 5, 3),
(1623, '2015-11-11', 9, 1, 4),
(1624, '2015-11-12', 4, 4, 1),
(1625, '2015-11-13', 3, 6, 3),
(1626, '2015-11-14', 2, 1, 5),
(1627, '2015-11-15', 6, 4, 3),
(1628, '2015-11-16', 1, 6, 3),
(1629, '2015-11-17', 6, 6, 2),
(1630, '2015-11-18', 10, 4, 1),
(1631, '2015-11-19', 1, 5, 5),
(1632, '2015-11-20', 4, 4, 4),
(1633, '2015-11-21', 8, 4, 1),
(1634, '2015-11-22', 5, 3, 4),
(1635, '2015-11-23', 2, 3, 4),
(1636, '2015-11-24', 4, 2, 2),
(1637, '2015-11-25', 6, 2, 2),
(1638, '2015-11-26', 3, 4, 5),
(1639, '2015-11-27', 7, 6, 1),
(1640, '2015-11-28', 6, 5, 2),
(1641, '2015-11-29', 7, 5, 3),
(1642, '2015-11-30', 5, 2, 5),
(1643, '2015-12-01', 10, 3, 2),
(1644, '2015-12-02', 5, 3, 1),
(1645, '2015-12-03', 7, 1, 4),
(1646, '2015-12-04', 5, 5, 2),
(1647, '2015-12-05', 5, 4, 5),
(1648, '2015-12-06', 6, 3, 2),
(1649, '2015-12-07', 6, 5, 5),
(1650, '2015-12-08', 3, 2, 2),
(1651, '2015-12-09', 10, 6, 4),
(1652, '2015-12-10', 7, 6, 4),
(1653, '2015-12-11', 4, 3, 4),
(1654, '2015-12-12', 9, 6, 2),
(1655, '2015-12-13', 10, 6, 1),
(1656, '2015-12-14', 5, 3, 3),
(1657, '2015-12-15', 1, 4, 3),
(1658, '2015-12-16', 3, 2, 2),
(1659, '2015-12-17', 5, 2, 5),
(1660, '2015-12-18', 6, 2, 1),
(1661, '2015-12-19', 4, 3, 4),
(1662, '2015-12-20', 3, 6, 4),
(1663, '2015-12-21', 6, 5, 5),
(1664, '2015-12-22', 3, 6, 4),
(1665, '2015-12-23', 3, 1, 2),
(1666, '2015-12-24', 7, 3, 2),
(1667, '2015-12-25', 9, 6, 5),
(1668, '2015-12-26', 5, 2, 4),
(1669, '2015-12-27', 9, 1, 3),
(1670, '2015-12-28', 7, 2, 1),
(1671, '2015-12-29', 10, 2, 4),
(1672, '2015-12-30', 4, 1, 2),
(1673, '2015-12-31', 5, 2, 5),
(1674, '2016-01-01', 7, 1, 1),
(1675, '2016-01-02', 5, 4, 3),
(1676, '2016-01-03', 4, 6, 1),
(1677, '2016-01-04', 10, 6, 2),
(1678, '2016-01-05', 1, 2, 5),
(1679, '2016-01-06', 4, 5, 1),
(1680, '2016-01-07', 5, 5, 3),
(1681, '2016-01-08', 4, 1, 4),
(1682, '2016-01-09', 2, 3, 1),
(1683, '2016-01-10', 4, 5, 5),
(1684, '2016-01-11', 6, 4, 1),
(1685, '2016-01-12', 6, 2, 1),
(1686, '2016-01-13', 5, 4, 1),
(1687, '2016-01-14', 4, 6, 3),
(1688, '2016-01-15', 4, 4, 4),
(1689, '2016-01-16', 9, 1, 1),
(1690, '2016-01-17', 9, 1, 3),
(1691, '2016-01-18', 10, 4, 3),
(1692, '2016-01-19', 1, 3, 2),
(1693, '2016-01-20', 2, 3, 4),
(1694, '2016-01-21', 3, 1, 2),
(1695, '2016-01-22', 1, 3, 1),
(1696, '2016-01-23', 8, 1, 4),
(1697, '2016-01-24', 8, 6, 2),
(1698, '2016-01-25', 1, 4, 5),
(1699, '2016-01-26', 8, 5, 2),
(1700, '2016-01-27', 10, 4, 3),
(1701, '2016-01-28', 6, 6, 1),
(1702, '2016-01-29', 2, 4, 4),
(1703, '2016-01-30', 8, 3, 2),
(1704, '2016-01-31', 5, 2, 1),
(1705, '2016-02-01', 8, 4, 3),
(1706, '2016-02-02', 8, 4, 2),
(1707, '2016-02-03', 2, 4, 1),
(1708, '2016-02-04', 10, 1, 1),
(1709, '2016-02-05', 10, 2, 3),
(1710, '2016-02-06', 3, 2, 1),
(1711, '2016-02-07', 2, 3, 5),
(1712, '2016-02-08', 1, 6, 3),
(1713, '2016-02-09', 4, 3, 1),
(1714, '2016-02-10', 5, 2, 5),
(1715, '2016-02-11', 3, 4, 4),
(1716, '2016-02-12', 3, 3, 5),
(1717, '2016-02-13', 2, 1, 1),
(1718, '2016-02-14', 8, 5, 2),
(1719, '2016-02-15', 10, 3, 3),
(1720, '2016-02-16', 7, 6, 4),
(1721, '2016-02-17', 3, 2, 2),
(1722, '2016-02-18', 2, 2, 1),
(1723, '2016-02-19', 1, 4, 1),
(1724, '2016-02-20', 7, 6, 3),
(1725, '2016-02-21', 5, 2, 4),
(1726, '2016-02-22', 6, 4, 3),
(1727, '2016-02-23', 1, 3, 4),
(1728, '2016-02-24', 10, 2, 3),
(1729, '2016-02-25', 5, 3, 5),
(1730, '2016-02-26', 7, 4, 1),
(1731, '2016-02-27', 10, 4, 5),
(1732, '2016-02-28', 6, 6, 5),
(1733, '2016-02-29', 2, 1, 5),
(1734, '2016-03-01', 7, 3, 4),
(1735, '2016-03-02', 2, 1, 4),
(1736, '2016-03-03', 10, 6, 4),
(1737, '2016-03-04', 10, 2, 1),
(1738, '2016-03-05', 4, 6, 5),
(1739, '2016-03-06', 8, 1, 5),
(1740, '2016-03-07', 9, 5, 4),
(1741, '2016-03-08', 4, 5, 5),
(1742, '2016-03-09', 1, 6, 3),
(1743, '2016-03-10', 2, 3, 5),
(1744, '2016-03-11', 2, 5, 4),
(1745, '2016-03-12', 3, 5, 5),
(1746, '2016-03-13', 6, 2, 2),
(1747, '2016-03-14', 8, 3, 2),
(1748, '2016-03-15', 7, 4, 2),
(1749, '2016-03-16', 10, 4, 1),
(1750, '2016-03-17', 1, 3, 1),
(1751, '2016-03-18', 3, 3, 3),
(1752, '2016-03-19', 5, 2, 5),
(1753, '2016-03-20', 7, 3, 3);
INSERT INTO `vendas` (`venda_id`, `data_venda`, `vendedor_id`, `produto_id`, `quantidade_vendida`) VALUES
(1754, '2016-03-21', 8, 6, 2),
(1755, '2016-03-22', 9, 3, 4),
(1756, '2016-03-23', 2, 5, 1),
(1757, '2016-03-24', 10, 4, 1),
(1758, '2016-03-25', 4, 1, 1),
(1759, '2016-03-26', 4, 4, 5),
(1760, '2016-03-27', 7, 5, 3),
(1761, '2016-03-28', 10, 5, 1),
(1762, '2016-03-29', 5, 3, 5),
(1763, '2016-03-30', 3, 3, 2),
(1764, '2016-03-31', 8, 3, 5),
(1765, '2016-04-01', 6, 3, 3),
(1766, '2016-04-02', 4, 6, 5),
(1767, '2016-04-03', 7, 4, 1),
(1768, '2016-04-04', 7, 6, 1),
(1769, '2016-04-05', 4, 5, 3),
(1770, '2016-04-06', 7, 2, 4),
(1771, '2016-04-07', 9, 5, 2),
(1772, '2016-04-08', 6, 3, 3),
(1773, '2016-04-09', 5, 4, 2),
(1774, '2016-04-10', 6, 3, 5),
(1775, '2016-04-11', 4, 6, 1),
(1776, '2016-04-12', 2, 2, 1),
(1777, '2016-04-13', 9, 6, 2),
(1778, '2016-04-14', 3, 3, 1),
(1779, '2016-04-15', 7, 1, 1),
(1780, '2016-04-16', 4, 2, 2),
(1781, '2016-04-17', 5, 5, 4),
(1782, '2016-04-18', 1, 5, 3),
(1783, '2016-04-19', 9, 6, 1),
(1784, '2016-04-20', 2, 5, 5),
(1785, '2016-04-21', 3, 5, 2),
(1786, '2016-04-22', 10, 3, 2),
(1787, '2016-04-23', 4, 4, 4),
(1788, '2016-04-24', 5, 6, 2),
(1789, '2016-04-25', 5, 3, 2),
(1790, '2016-04-26', 4, 5, 2),
(1791, '2016-04-27', 6, 2, 5),
(1792, '2016-04-28', 5, 1, 1),
(1793, '2016-04-29', 8, 1, 2),
(1794, '2016-04-30', 6, 3, 3),
(1795, '2016-05-01', 5, 2, 2),
(1796, '2016-05-02', 9, 2, 5),
(1797, '2016-05-03', 3, 1, 2),
(1798, '2016-05-04', 8, 6, 1),
(1799, '2016-05-05', 1, 3, 2),
(1800, '2016-05-06', 2, 3, 2),
(1801, '2016-05-07', 3, 4, 3),
(1802, '2016-05-08', 4, 6, 4),
(1803, '2016-05-09', 3, 6, 4),
(1804, '2016-05-10', 10, 1, 1),
(1805, '2016-05-11', 5, 6, 4),
(1806, '2016-05-12', 4, 3, 3),
(1807, '2016-05-13', 6, 2, 4),
(1808, '2016-05-14', 5, 5, 3),
(1809, '2016-05-15', 3, 1, 5),
(1810, '2016-05-16', 7, 3, 2),
(1811, '2016-05-17', 4, 2, 2),
(1812, '2016-05-18', 6, 2, 5),
(1813, '2016-05-19', 1, 4, 5),
(1814, '2016-05-20', 10, 6, 4),
(1815, '2016-05-21', 4, 6, 3),
(1816, '2016-05-22', 7, 3, 3),
(1817, '2016-05-23', 6, 6, 2),
(1818, '2016-05-24', 8, 5, 5),
(1819, '2016-05-25', 10, 2, 1),
(1820, '2016-05-26', 6, 3, 3),
(1821, '2016-05-27', 7, 3, 2),
(1822, '2016-05-28', 3, 3, 2),
(1823, '2016-05-29', 8, 3, 5),
(1824, '2016-05-30', 9, 1, 5),
(1825, '2016-05-31', 3, 5, 3),
(1826, '2016-06-01', 1, 3, 2),
(1827, '2016-06-02', 6, 4, 1),
(1828, '2016-06-03', 9, 3, 1),
(1829, '2016-06-04', 8, 3, 1),
(1830, '2016-06-05', 6, 6, 2),
(1831, '2016-06-06', 5, 6, 4),
(1832, '2016-06-07', 2, 2, 1),
(1833, '2016-06-08', 9, 1, 1),
(1834, '2016-06-09', 6, 3, 2),
(1835, '2016-06-10', 9, 4, 2),
(1836, '2016-06-11', 5, 2, 4),
(1837, '2016-06-12', 6, 6, 2),
(1838, '2016-06-13', 10, 3, 2),
(1839, '2016-06-14', 2, 1, 3),
(1840, '2016-06-15', 10, 3, 2),
(1841, '2016-06-16', 10, 1, 1),
(1842, '2016-06-17', 6, 3, 3),
(1843, '2016-06-18', 8, 1, 4),
(1844, '2016-06-19', 5, 4, 2),
(1845, '2016-06-20', 6, 2, 4),
(1846, '2016-06-21', 1, 5, 5),
(1847, '2016-06-22', 7, 6, 2),
(1848, '2016-06-23', 4, 5, 3),
(1849, '2016-06-24', 9, 5, 3),
(1850, '2016-06-25', 8, 2, 4),
(1851, '2016-06-26', 8, 6, 4),
(1852, '2016-06-27', 6, 5, 4),
(1853, '2016-06-28', 8, 5, 1),
(1854, '2016-06-29', 8, 4, 3),
(1855, '2016-06-30', 3, 6, 1),
(1856, '2016-07-01', 8, 3, 1),
(1857, '2016-07-02', 8, 5, 1),
(1858, '2016-07-03', 1, 5, 4),
(1859, '2016-07-04', 3, 3, 2),
(1860, '2016-07-05', 8, 6, 1),
(1861, '2016-07-06', 6, 5, 5),
(1862, '2016-07-07', 10, 4, 4),
(1863, '2016-07-08', 10, 2, 4),
(1864, '2016-07-09', 8, 1, 4),
(1865, '2016-07-10', 8, 2, 1),
(1866, '2016-07-11', 1, 1, 3),
(1867, '2016-07-12', 3, 1, 3),
(1868, '2016-07-13', 5, 6, 1),
(1869, '2016-07-14', 7, 2, 1),
(1870, '2016-07-15', 3, 3, 5),
(1871, '2016-07-16', 3, 1, 5),
(1872, '2016-07-17', 6, 2, 3),
(1873, '2016-07-18', 7, 4, 1),
(1874, '2016-07-19', 5, 6, 4),
(1875, '2016-07-20', 7, 2, 1),
(1876, '2016-07-21', 5, 6, 5),
(1877, '2016-07-22', 9, 4, 5),
(1878, '2016-07-23', 6, 4, 3),
(1879, '2016-07-24', 5, 6, 4),
(1880, '2016-07-25', 3, 6, 4),
(1881, '2016-07-26', 2, 3, 5),
(1882, '2016-07-27', 3, 5, 5),
(1883, '2016-07-28', 10, 4, 4),
(1884, '2016-07-29', 2, 3, 5),
(1885, '2016-07-30', 1, 5, 3),
(1886, '2016-07-31', 4, 1, 4),
(1887, '2016-08-01', 4, 5, 1),
(1888, '2016-08-02', 8, 1, 1),
(1889, '2016-08-03', 9, 2, 1),
(1890, '2016-08-04', 6, 4, 2),
(1891, '2016-08-05', 4, 2, 2),
(1892, '2016-08-06', 10, 5, 2),
(1893, '2016-08-07', 6, 3, 2),
(1894, '2016-08-08', 3, 1, 4),
(1895, '2016-08-09', 8, 1, 5),
(1896, '2016-08-10', 1, 2, 3),
(1897, '2016-08-11', 8, 5, 4),
(1898, '2016-08-12', 2, 3, 2),
(1899, '2016-08-13', 7, 1, 5),
(1900, '2016-08-14', 6, 4, 5),
(1901, '2016-08-15', 3, 4, 3),
(1902, '2016-08-16', 4, 2, 3),
(1903, '2016-08-17', 8, 1, 5),
(1904, '2016-08-18', 10, 4, 1),
(1905, '2016-08-19', 7, 2, 4),
(1906, '2016-08-20', 3, 2, 5),
(1907, '2016-08-21', 5, 5, 4),
(1908, '2016-08-22', 8, 3, 4),
(1909, '2016-08-23', 8, 6, 2),
(1910, '2016-08-24', 10, 3, 3),
(1911, '2016-08-25', 4, 4, 3),
(1912, '2016-08-26', 6, 6, 4),
(1913, '2016-08-27', 2, 3, 2),
(1914, '2016-08-28', 6, 5, 5),
(1915, '2016-08-29', 9, 6, 3),
(1916, '2016-08-30', 1, 2, 2),
(1917, '2016-08-31', 1, 2, 4),
(1918, '2016-09-01', 10, 3, 3),
(1919, '2016-09-02', 9, 1, 2),
(1920, '2016-09-03', 10, 6, 4),
(1921, '2016-09-04', 1, 1, 4),
(1922, '2016-09-05', 1, 5, 3),
(1923, '2016-09-06', 6, 4, 5),
(1924, '2016-09-07', 1, 6, 1),
(1925, '2016-09-08', 4, 1, 5),
(1926, '2016-09-09', 7, 1, 1),
(1927, '2016-09-10', 2, 4, 3),
(1928, '2016-09-11', 7, 5, 3),
(1929, '2016-09-12', 1, 5, 3),
(1930, '2016-09-13', 5, 2, 3),
(1931, '2016-09-14', 8, 4, 5),
(1932, '2016-09-15', 6, 3, 5),
(1933, '2016-09-16', 9, 3, 2),
(1934, '2016-09-17', 10, 5, 1),
(1935, '2016-09-18', 5, 3, 4),
(1936, '2016-09-19', 5, 4, 3),
(1937, '2016-09-20', 8, 3, 2),
(1938, '2016-09-21', 9, 5, 5),
(1939, '2016-09-22', 8, 3, 3),
(1940, '2016-09-23', 5, 1, 5),
(1941, '2016-09-24', 6, 4, 3),
(1942, '2016-09-25', 7, 2, 4),
(1943, '2016-09-26', 4, 5, 4),
(1944, '2016-09-27', 3, 1, 2),
(1945, '2016-09-28', 1, 1, 2),
(1946, '2016-09-29', 4, 3, 3),
(1947, '2016-09-30', 7, 2, 5),
(1948, '2016-10-01', 7, 4, 5),
(1949, '2016-10-02', 2, 5, 4),
(1950, '2016-10-03', 6, 5, 2),
(1951, '2016-10-04', 1, 5, 2),
(1952, '2016-10-05', 1, 4, 1),
(1953, '2016-10-06', 8, 5, 2),
(1954, '2016-10-07', 5, 3, 1),
(1955, '2016-10-08', 6, 4, 4),
(1956, '2016-10-09', 3, 4, 4),
(1957, '2016-10-10', 7, 6, 5),
(1958, '2016-10-11', 9, 5, 3),
(1959, '2016-10-12', 8, 5, 3),
(1960, '2016-10-13', 2, 2, 4),
(1961, '2016-10-14', 6, 5, 3),
(1962, '2015-01-01', 10, 3, 5),
(1963, '2015-01-02', 10, 3, 3),
(1964, '2015-01-03', 10, 2, 3),
(1965, '2015-01-04', 9, 1, 3),
(1966, '2015-01-05', 4, 1, 5),
(1967, '2015-01-06', 1, 3, 4),
(1968, '2015-01-07', 8, 6, 4),
(1969, '2015-01-08', 3, 3, 1),
(1970, '2015-01-09', 4, 5, 2),
(1971, '2015-01-10', 3, 2, 2),
(1972, '2015-01-11', 7, 4, 1),
(1973, '2015-01-12', 3, 2, 5),
(1974, '2015-01-13', 9, 2, 4),
(1975, '2015-01-14', 6, 6, 1),
(1976, '2015-01-15', 3, 3, 2),
(1977, '2015-01-16', 8, 1, 5),
(1978, '2015-01-17', 6, 3, 3),
(1979, '2015-01-18', 6, 1, 5),
(1980, '2015-01-19', 6, 3, 5),
(1981, '2015-01-20', 6, 1, 4),
(1982, '2015-01-21', 7, 5, 4),
(1983, '2015-01-22', 1, 2, 3),
(1984, '2015-01-23', 6, 5, 5),
(1985, '2015-01-24', 1, 1, 5),
(1986, '2015-01-25', 9, 2, 4),
(1987, '2015-01-26', 3, 3, 3),
(1988, '2015-01-27', 5, 6, 5),
(1989, '2015-01-28', 10, 5, 5),
(1990, '2015-01-29', 7, 1, 2),
(1991, '2015-01-30', 7, 1, 2),
(1992, '2015-01-31', 4, 1, 3),
(1993, '2015-02-01', 5, 1, 3),
(1994, '2015-02-02', 3, 2, 5),
(1995, '2015-02-03', 5, 2, 2),
(1996, '2015-02-04', 5, 4, 5),
(1997, '2015-02-05', 3, 1, 3),
(1998, '2015-02-06', 3, 1, 3),
(1999, '2015-02-07', 4, 4, 4),
(2000, '2015-02-08', 7, 6, 4),
(2001, '2015-02-09', 9, 4, 3),
(2002, '2015-02-10', 3, 3, 4),
(2003, '2015-02-11', 7, 1, 3),
(2004, '2015-02-12', 6, 5, 5),
(2005, '2015-02-13', 8, 3, 1),
(2006, '2015-02-14', 5, 5, 3),
(2007, '2015-02-15', 6, 4, 3),
(2008, '2015-02-16', 6, 1, 1),
(2009, '2015-02-17', 10, 4, 1),
(2010, '2015-02-18', 1, 3, 2),
(2011, '2015-02-19', 8, 1, 4),
(2012, '2015-02-20', 8, 3, 4),
(2013, '2015-02-21', 8, 4, 2),
(2014, '2015-02-22', 1, 4, 4),
(2015, '2015-02-23', 2, 4, 2),
(2016, '2015-02-24', 7, 2, 5),
(2017, '2015-02-25', 2, 5, 3),
(2018, '2015-02-26', 6, 2, 2),
(2019, '2015-02-27', 8, 4, 5),
(2020, '2015-02-28', 8, 6, 3),
(2021, '2015-03-01', 6, 4, 2),
(2022, '2015-03-02', 9, 3, 4),
(2023, '2015-03-03', 3, 6, 2),
(2024, '2015-03-04', 1, 3, 1),
(2025, '2015-03-05', 3, 3, 2),
(2026, '2015-03-06', 8, 4, 1),
(2027, '2015-03-07', 8, 1, 5),
(2028, '2015-03-08', 9, 2, 2),
(2029, '2015-03-09', 10, 1, 2),
(2030, '2015-03-10', 4, 2, 2),
(2031, '2015-03-11', 1, 3, 4),
(2032, '2015-03-12', 2, 6, 2),
(2033, '2015-03-13', 5, 2, 5),
(2034, '2015-03-14', 6, 1, 5),
(2035, '2015-03-15', 6, 1, 4),
(2036, '2015-03-16', 2, 4, 5),
(2037, '2015-03-17', 7, 2, 2),
(2038, '2015-03-18', 4, 6, 2),
(2039, '2015-03-19', 9, 6, 1),
(2040, '2015-03-20', 2, 1, 2),
(2041, '2015-03-21', 3, 3, 5),
(2042, '2015-03-22', 3, 4, 4),
(2043, '2015-03-23', 2, 6, 1),
(2044, '2015-03-24', 3, 6, 4),
(2045, '2015-03-25', 3, 3, 1),
(2046, '2015-03-26', 9, 6, 4),
(2047, '2015-03-27', 10, 4, 4),
(2048, '2015-03-28', 1, 4, 5),
(2049, '2015-03-29', 3, 1, 4),
(2050, '2015-03-30', 10, 4, 4),
(2051, '2015-03-31', 3, 2, 4),
(2052, '2015-04-01', 9, 3, 4),
(2053, '2015-04-02', 1, 3, 3),
(2054, '2015-04-03', 9, 4, 2),
(2055, '2015-04-04', 8, 5, 1),
(2056, '2015-04-05', 10, 2, 2),
(2057, '2015-04-06', 5, 3, 5),
(2058, '2015-04-07', 9, 2, 4),
(2059, '2015-04-08', 9, 5, 2),
(2060, '2015-04-09', 7, 2, 4),
(2061, '2015-04-10', 8, 4, 2),
(2062, '2015-04-11', 5, 1, 2),
(2063, '2015-04-12', 4, 2, 2),
(2064, '2015-04-13', 5, 5, 2),
(2065, '2015-04-14', 5, 2, 3),
(2066, '2015-04-15', 3, 5, 4),
(2067, '2015-04-16', 3, 5, 5),
(2068, '2015-04-17', 8, 2, 2),
(2069, '2015-04-18', 8, 3, 2),
(2070, '2015-04-19', 7, 5, 1),
(2071, '2015-04-20', 5, 6, 2),
(2072, '2015-04-21', 7, 6, 5),
(2073, '2015-04-22', 10, 5, 1),
(2074, '2015-04-23', 9, 5, 3),
(2075, '2015-04-24', 8, 4, 2),
(2076, '2015-04-25', 1, 4, 3),
(2077, '2015-04-26', 7, 4, 3),
(2078, '2015-04-27', 6, 1, 3),
(2079, '2015-04-28', 9, 5, 4),
(2080, '2015-04-29', 7, 5, 2),
(2081, '2015-04-30', 4, 6, 1),
(2082, '2015-05-01', 4, 4, 3),
(2083, '2015-05-02', 3, 3, 3),
(2084, '2015-05-03', 2, 3, 3),
(2085, '2015-05-04', 1, 3, 4),
(2086, '2015-05-05', 2, 4, 2),
(2087, '2015-05-06', 6, 3, 5),
(2088, '2015-05-07', 1, 3, 1),
(2089, '2015-05-08', 4, 2, 5),
(2090, '2015-05-09', 4, 5, 4),
(2091, '2015-05-10', 4, 4, 3),
(2092, '2015-05-11', 9, 1, 1),
(2093, '2015-05-12', 9, 3, 3),
(2094, '2015-05-13', 3, 4, 2),
(2095, '2015-05-14', 10, 4, 1),
(2096, '2015-05-15', 7, 3, 1),
(2097, '2015-05-16', 10, 1, 1),
(2098, '2015-05-17', 3, 6, 5),
(2099, '2015-05-18', 6, 3, 2),
(2100, '2015-05-19', 6, 5, 5),
(2101, '2015-05-20', 3, 4, 3),
(2102, '2015-05-21', 5, 4, 5),
(2103, '2015-05-22', 10, 5, 4),
(2104, '2015-05-23', 8, 4, 5),
(2105, '2015-05-24', 5, 3, 3),
(2106, '2015-05-25', 7, 5, 5),
(2107, '2015-05-26', 1, 1, 5),
(2108, '2015-05-27', 4, 1, 4),
(2109, '2015-05-28', 8, 2, 4),
(2110, '2015-05-29', 2, 2, 5),
(2111, '2015-05-30', 4, 6, 5),
(2112, '2015-05-31', 2, 1, 3),
(2113, '2015-06-01', 5, 4, 5),
(2114, '2015-06-02', 3, 2, 5),
(2115, '2015-06-03', 4, 4, 4),
(2116, '2015-06-04', 5, 6, 2),
(2117, '2015-06-05', 5, 4, 1),
(2118, '2015-06-06', 2, 2, 5),
(2119, '2015-06-07', 6, 1, 1),
(2120, '2015-06-08', 1, 3, 5),
(2121, '2015-06-09', 9, 5, 3),
(2122, '2015-06-10', 10, 2, 5),
(2123, '2015-06-11', 9, 4, 1),
(2124, '2015-06-12', 1, 6, 4),
(2125, '2015-06-13', 4, 5, 3),
(2126, '2015-06-14', 10, 1, 1),
(2127, '2015-06-15', 3, 2, 5),
(2128, '2015-06-16', 6, 2, 4),
(2129, '2015-06-17', 1, 4, 3),
(2130, '2015-06-18', 5, 3, 5),
(2131, '2015-06-19', 5, 1, 3),
(2132, '2015-06-20', 6, 4, 4),
(2133, '2015-06-21', 2, 4, 5),
(2134, '2015-06-22', 7, 6, 5),
(2135, '2015-06-23', 1, 6, 5),
(2136, '2015-06-24', 3, 5, 5),
(2137, '2015-06-25', 9, 5, 4),
(2138, '2015-06-26', 10, 2, 3),
(2139, '2015-06-27', 3, 3, 3),
(2140, '2015-06-28', 8, 6, 3),
(2141, '2015-06-29', 3, 3, 5),
(2142, '2015-06-30', 5, 1, 5),
(2143, '2015-07-01', 8, 1, 3),
(2144, '2015-07-02', 8, 4, 5),
(2145, '2015-07-03', 4, 2, 5),
(2146, '2015-07-04', 5, 5, 5),
(2147, '2015-07-05', 6, 5, 4),
(2148, '2015-07-06', 7, 2, 3),
(2149, '2015-07-07', 10, 4, 2),
(2150, '2015-07-08', 1, 6, 5),
(2151, '2015-07-09', 1, 4, 1),
(2152, '2015-07-10', 5, 5, 3),
(2153, '2015-07-11', 1, 1, 4),
(2154, '2015-07-12', 7, 3, 1),
(2155, '2015-07-13', 6, 2, 5),
(2156, '2015-07-14', 8, 6, 3),
(2157, '2015-07-15', 4, 6, 1),
(2158, '2015-07-16', 2, 6, 2),
(2159, '2015-07-17', 9, 1, 1),
(2160, '2015-07-18', 10, 6, 3),
(2161, '2015-07-19', 6, 6, 3),
(2162, '2015-07-20', 9, 3, 3),
(2163, '2015-07-21', 9, 3, 2),
(2164, '2015-07-22', 6, 4, 4),
(2165, '2015-07-23', 3, 6, 4),
(2166, '2015-07-24', 7, 5, 5),
(2167, '2015-07-25', 9, 1, 1),
(2168, '2015-07-26', 8, 4, 1),
(2169, '2015-07-27', 2, 1, 4),
(2170, '2015-07-28', 4, 1, 1),
(2171, '2015-07-29', 3, 5, 1),
(2172, '2015-07-30', 1, 2, 5),
(2173, '2015-07-31', 1, 5, 4),
(2174, '2015-08-01', 4, 5, 3),
(2175, '2015-08-02', 3, 1, 4),
(2176, '2015-08-03', 2, 3, 3),
(2177, '2015-08-04', 3, 5, 2),
(2178, '2015-08-05', 6, 5, 2),
(2179, '2015-08-06', 8, 5, 1),
(2180, '2015-08-07', 1, 2, 2),
(2181, '2015-08-08', 10, 3, 4),
(2182, '2015-08-09', 8, 4, 2),
(2183, '2015-08-10', 3, 1, 3),
(2184, '2015-08-11', 3, 2, 1),
(2185, '2015-08-12', 6, 6, 3),
(2186, '2015-08-13', 3, 1, 2),
(2187, '2015-08-14', 7, 6, 4),
(2188, '2015-08-15', 4, 3, 1),
(2189, '2015-08-16', 1, 2, 4),
(2190, '2015-08-17', 2, 6, 3),
(2191, '2015-08-18', 1, 3, 5),
(2192, '2015-08-19', 4, 6, 2),
(2193, '2015-08-20', 9, 6, 2),
(2194, '2015-08-21', 6, 3, 3),
(2195, '2015-08-22', 1, 4, 4),
(2196, '2015-08-23', 2, 3, 3),
(2197, '2015-08-24', 3, 4, 2),
(2198, '2015-08-25', 4, 2, 1),
(2199, '2015-08-26', 3, 3, 5),
(2200, '2015-08-27', 4, 1, 3),
(2201, '2015-08-28', 9, 4, 3),
(2202, '2015-08-29', 3, 1, 5),
(2203, '2015-08-30', 6, 6, 5),
(2204, '2015-08-31', 5, 6, 1),
(2205, '2015-09-01', 4, 3, 4),
(2206, '2015-09-02', 2, 4, 4),
(2207, '2015-09-03', 7, 5, 5),
(2208, '2015-09-04', 7, 1, 2),
(2209, '2015-09-05', 8, 4, 5),
(2210, '2015-09-06', 7, 6, 3),
(2211, '2015-09-07', 6, 2, 3),
(2212, '2015-09-08', 9, 3, 2),
(2213, '2015-09-09', 5, 4, 4),
(2214, '2015-09-10', 8, 5, 3),
(2215, '2015-09-11', 10, 5, 5),
(2216, '2015-09-12', 2, 2, 1),
(2217, '2015-09-13', 6, 1, 3),
(2218, '2015-09-14', 10, 3, 4),
(2219, '2015-09-15', 5, 5, 3),
(2220, '2015-09-16', 8, 6, 2),
(2221, '2015-09-17', 2, 2, 2),
(2222, '2015-09-18', 7, 6, 5),
(2223, '2015-09-19', 10, 2, 4),
(2224, '2015-09-20', 6, 2, 2),
(2225, '2015-09-21', 6, 5, 5),
(2226, '2015-09-22', 8, 6, 4),
(2227, '2015-09-23', 8, 6, 5),
(2228, '2015-09-24', 5, 5, 5),
(2229, '2015-09-25', 10, 2, 5),
(2230, '2015-09-26', 6, 3, 4),
(2231, '2015-09-27', 7, 3, 4),
(2232, '2015-09-28', 9, 4, 4),
(2233, '2015-09-29', 7, 4, 3),
(2234, '2015-09-30', 4, 4, 5),
(2235, '2015-10-01', 3, 1, 4),
(2236, '2015-10-02', 4, 6, 2),
(2237, '2015-10-03', 6, 1, 1),
(2238, '2015-10-04', 7, 5, 5),
(2239, '2015-10-05', 2, 5, 4),
(2240, '2015-10-06', 5, 4, 1),
(2241, '2015-10-07', 2, 6, 1),
(2242, '2015-10-08', 6, 4, 4),
(2243, '2015-10-09', 6, 3, 5),
(2244, '2015-10-10', 7, 3, 3),
(2245, '2015-10-11', 8, 2, 3),
(2246, '2015-10-12', 10, 4, 4),
(2247, '2015-10-13', 7, 1, 5),
(2248, '2015-10-14', 9, 6, 1),
(2249, '2015-10-15', 5, 5, 3),
(2250, '2015-10-16', 4, 4, 1),
(2251, '2015-10-17', 2, 1, 4),
(2252, '2015-10-18', 2, 2, 1),
(2253, '2015-10-19', 4, 2, 3),
(2254, '2015-10-20', 9, 6, 3),
(2255, '2015-10-21', 3, 1, 1),
(2256, '2015-10-22', 5, 4, 3),
(2257, '2015-10-23', 10, 3, 5),
(2258, '2015-10-24', 9, 4, 5),
(2259, '2015-10-25', 8, 1, 1),
(2260, '2015-10-26', 5, 6, 3),
(2261, '2015-10-27', 5, 6, 3),
(2262, '2015-10-28', 2, 5, 3),
(2263, '2015-10-29', 10, 4, 2),
(2264, '2015-10-30', 5, 1, 4),
(2265, '2015-10-31', 5, 1, 1),
(2266, '2015-11-01', 9, 1, 4),
(2267, '2015-11-02', 10, 3, 4),
(2268, '2015-11-03', 7, 1, 1),
(2269, '2015-11-04', 7, 1, 1),
(2270, '2015-11-05', 5, 4, 1),
(2271, '2015-11-06', 8, 4, 3),
(2272, '2015-11-07', 2, 4, 5),
(2273, '2015-11-08', 3, 4, 5),
(2274, '2015-11-09', 4, 6, 3),
(2275, '2015-11-10', 8, 3, 4),
(2276, '2015-11-11', 1, 2, 2),
(2277, '2015-11-12', 8, 3, 1),
(2278, '2015-11-13', 6, 6, 3),
(2279, '2015-11-14', 7, 6, 1),
(2280, '2015-11-15', 5, 6, 5),
(2281, '2015-11-16', 2, 1, 1),
(2282, '2015-11-17', 3, 6, 5),
(2283, '2015-11-18', 7, 3, 4),
(2284, '2015-11-19', 3, 1, 5),
(2285, '2015-11-20', 1, 5, 5),
(2286, '2015-11-21', 9, 3, 4),
(2287, '2015-11-22', 1, 1, 3),
(2288, '2015-11-23', 4, 2, 5),
(2289, '2015-11-24', 5, 3, 5),
(2290, '2015-11-25', 4, 5, 1),
(2291, '2015-11-26', 4, 2, 5),
(2292, '2015-11-27', 4, 1, 4),
(2293, '2015-11-28', 3, 2, 2),
(2294, '2015-11-29', 6, 4, 1),
(2295, '2015-11-30', 3, 2, 5),
(2296, '2015-12-01', 7, 4, 2),
(2297, '2015-12-02', 3, 5, 2),
(2298, '2015-12-03', 7, 6, 3),
(2299, '2015-12-04', 7, 5, 3),
(2300, '2015-12-05', 9, 6, 1),
(2301, '2015-12-06', 4, 6, 3),
(2302, '2015-12-07', 6, 5, 5),
(2303, '2015-12-08', 7, 1, 1),
(2304, '2015-12-09', 5, 1, 1),
(2305, '2015-12-10', 3, 4, 4),
(2306, '2015-12-11', 6, 4, 5),
(2307, '2015-12-12', 5, 3, 5),
(2308, '2015-12-13', 6, 4, 4),
(2309, '2015-12-14', 1, 3, 2),
(2310, '2015-12-15', 7, 6, 4),
(2311, '2015-12-16', 4, 4, 1),
(2312, '2015-12-17', 2, 3, 2),
(2313, '2015-12-18', 4, 2, 3),
(2314, '2015-12-19', 9, 4, 5),
(2315, '2015-12-20', 7, 6, 1),
(2316, '2015-12-21', 9, 6, 1),
(2317, '2015-12-22', 5, 1, 5),
(2318, '2015-12-23', 6, 4, 3),
(2319, '2015-12-24', 1, 4, 1),
(2320, '2015-12-25', 2, 3, 5),
(2321, '2015-12-26', 7, 2, 5),
(2322, '2015-12-27', 5, 6, 3),
(2323, '2015-12-28', 4, 1, 3),
(2324, '2015-12-29', 7, 5, 1),
(2325, '2015-12-30', 2, 3, 2),
(2326, '2015-12-31', 4, 3, 4),
(2327, '2016-01-01', 9, 2, 2),
(2328, '2016-01-02', 2, 2, 3),
(2329, '2016-01-03', 8, 4, 1),
(2330, '2016-01-04', 7, 4, 1),
(2331, '2016-01-05', 6, 1, 4),
(2332, '2016-01-06', 5, 1, 5),
(2333, '2016-01-07', 4, 3, 5),
(2334, '2016-01-08', 2, 1, 3),
(2335, '2016-01-09', 1, 6, 3),
(2336, '2016-01-10', 1, 1, 5),
(2337, '2016-01-11', 5, 5, 3),
(2338, '2016-01-12', 2, 3, 4),
(2339, '2016-01-13', 9, 6, 3),
(2340, '2016-01-14', 1, 4, 4),
(2341, '2016-01-15', 10, 3, 2),
(2342, '2016-01-16', 3, 4, 4),
(2343, '2016-01-17', 3, 4, 4),
(2344, '2016-01-18', 7, 2, 2),
(2345, '2016-01-19', 1, 4, 2),
(2346, '2016-01-20', 2, 3, 5),
(2347, '2016-01-21', 4, 6, 5),
(2348, '2016-01-22', 3, 6, 2),
(2349, '2016-01-23', 2, 1, 3),
(2350, '2016-01-24', 1, 1, 4),
(2351, '2016-01-25', 3, 6, 1),
(2352, '2016-01-26', 3, 1, 5),
(2353, '2016-01-27', 10, 1, 4),
(2354, '2016-01-28', 2, 1, 5),
(2355, '2016-01-29', 6, 3, 3),
(2356, '2016-01-30', 2, 6, 4),
(2357, '2016-01-31', 8, 1, 1),
(2358, '2016-02-01', 6, 2, 2),
(2359, '2016-02-02', 2, 4, 1),
(2360, '2016-02-03', 3, 6, 4),
(2361, '2016-02-04', 9, 4, 1),
(2362, '2016-02-05', 5, 2, 3),
(2363, '2016-02-06', 1, 2, 1),
(2364, '2016-02-07', 2, 2, 4),
(2365, '2016-02-08', 9, 1, 5),
(2366, '2016-02-09', 4, 3, 3),
(2367, '2016-02-10', 1, 1, 5),
(2368, '2016-02-11', 9, 5, 4),
(2369, '2016-02-12', 10, 6, 4),
(2370, '2016-02-13', 8, 4, 4),
(2371, '2016-02-14', 4, 1, 2),
(2372, '2016-02-15', 6, 6, 3),
(2373, '2016-02-16', 4, 1, 3),
(2374, '2016-02-17', 3, 4, 2),
(2375, '2016-02-18', 6, 4, 5),
(2376, '2016-02-19', 5, 3, 3),
(2377, '2016-02-20', 7, 4, 2),
(2378, '2016-02-21', 2, 3, 1),
(2379, '2016-02-22', 7, 5, 1),
(2380, '2016-02-23', 8, 6, 1),
(2381, '2016-02-24', 8, 5, 2),
(2382, '2016-02-25', 9, 4, 5),
(2383, '2016-02-26', 4, 5, 1),
(2384, '2016-02-27', 7, 1, 1),
(2385, '2016-02-28', 3, 2, 4),
(2386, '2016-02-29', 2, 6, 2),
(2387, '2016-03-01', 9, 4, 1),
(2388, '2016-03-02', 10, 5, 3),
(2389, '2016-03-03', 8, 5, 3),
(2390, '2016-03-04', 9, 1, 4),
(2391, '2016-03-05', 8, 5, 3),
(2392, '2016-03-06', 8, 3, 4),
(2393, '2016-03-07', 8, 5, 5),
(2394, '2016-03-08', 10, 3, 3),
(2395, '2016-03-09', 3, 4, 5),
(2396, '2016-03-10', 5, 4, 2),
(2397, '2016-03-11', 3, 2, 5),
(2398, '2016-03-12', 6, 1, 1),
(2399, '2016-03-13', 10, 4, 1),
(2400, '2016-03-14', 3, 1, 4),
(2401, '2016-03-15', 10, 5, 5),
(2402, '2016-03-16', 6, 1, 3),
(2403, '2016-03-17', 3, 1, 5),
(2404, '2016-03-18', 5, 5, 1),
(2405, '2016-03-19', 2, 4, 1),
(2406, '2016-03-20', 8, 3, 2),
(2407, '2016-03-21', 8, 6, 3),
(2408, '2016-03-22', 9, 4, 3),
(2409, '2016-03-23', 4, 6, 1),
(2410, '2016-03-24', 3, 2, 1),
(2411, '2016-03-25', 4, 6, 4),
(2412, '2016-03-26', 6, 2, 1),
(2413, '2016-03-27', 5, 6, 3),
(2414, '2016-03-28', 7, 4, 1),
(2415, '2016-03-29', 8, 2, 4),
(2416, '2016-03-30', 1, 1, 5),
(2417, '2016-03-31', 9, 6, 2),
(2418, '2016-04-01', 2, 3, 3),
(2419, '2016-04-02', 5, 5, 3),
(2420, '2016-04-03', 6, 1, 4),
(2421, '2016-04-04', 3, 6, 5),
(2422, '2016-04-05', 1, 1, 1),
(2423, '2016-04-06', 1, 3, 3),
(2424, '2016-04-07', 8, 4, 2),
(2425, '2016-04-08', 7, 5, 2),
(2426, '2016-04-09', 9, 3, 3),
(2427, '2016-04-10', 1, 1, 5),
(2428, '2016-04-11', 4, 1, 5),
(2429, '2016-04-12', 1, 1, 5),
(2430, '2016-04-13', 3, 2, 4),
(2431, '2016-04-14', 7, 4, 4),
(2432, '2016-04-15', 7, 5, 5),
(2433, '2016-04-16', 7, 4, 3),
(2434, '2016-04-17', 5, 1, 4),
(2435, '2016-04-18', 8, 5, 1),
(2436, '2016-04-19', 5, 3, 3),
(2437, '2016-04-20', 10, 2, 1),
(2438, '2016-04-21', 5, 1, 1),
(2439, '2016-04-22', 7, 5, 2),
(2440, '2016-04-23', 5, 1, 2),
(2441, '2016-04-24', 5, 1, 2),
(2442, '2016-04-25', 3, 5, 2),
(2443, '2016-04-26', 6, 3, 1),
(2444, '2016-04-27', 1, 6, 4),
(2445, '2016-04-28', 6, 2, 1),
(2446, '2016-04-29', 9, 3, 2),
(2447, '2016-04-30', 3, 4, 2),
(2448, '2016-05-01', 4, 6, 5),
(2449, '2016-05-02', 7, 6, 5),
(2450, '2016-05-03', 4, 6, 2),
(2451, '2016-05-04', 1, 1, 1),
(2452, '2016-05-05', 6, 1, 2),
(2453, '2016-05-06', 1, 5, 4),
(2454, '2016-05-07', 3, 2, 2),
(2455, '2016-05-08', 9, 4, 5),
(2456, '2016-05-09', 10, 2, 5),
(2457, '2016-05-10', 3, 4, 1),
(2458, '2016-05-11', 8, 1, 4),
(2459, '2016-05-12', 8, 5, 3),
(2460, '2016-05-13', 4, 2, 5),
(2461, '2016-05-14', 7, 6, 1),
(2462, '2016-05-15', 9, 5, 3),
(2463, '2016-05-16', 2, 4, 3),
(2464, '2016-05-17', 1, 4, 1),
(2465, '2016-05-18', 5, 5, 4),
(2466, '2016-05-19', 2, 1, 4),
(2467, '2016-05-20', 3, 2, 3),
(2468, '2016-05-21', 2, 1, 1),
(2469, '2016-05-22', 5, 3, 4),
(2470, '2016-05-23', 9, 1, 4),
(2471, '2016-05-24', 10, 3, 1),
(2472, '2016-05-25', 3, 3, 1),
(2473, '2016-05-26', 9, 5, 1),
(2474, '2016-05-27', 10, 4, 4),
(2475, '2016-05-28', 7, 3, 1),
(2476, '2016-05-29', 8, 5, 2),
(2477, '2016-05-30', 3, 4, 2),
(2478, '2016-05-31', 6, 1, 4),
(2479, '2016-06-01', 8, 6, 1),
(2480, '2016-06-02', 1, 6, 4),
(2481, '2016-06-03', 8, 5, 5),
(2482, '2016-06-04', 7, 3, 1),
(2483, '2016-06-05', 3, 4, 3),
(2484, '2016-06-06', 4, 2, 2),
(2485, '2016-06-07', 2, 6, 4),
(2486, '2016-06-08', 8, 3, 1),
(2487, '2016-06-09', 8, 3, 1),
(2488, '2016-06-10', 4, 1, 2),
(2489, '2016-06-11', 6, 1, 2),
(2490, '2016-06-12', 6, 3, 3),
(2491, '2016-06-13', 1, 6, 5),
(2492, '2016-06-14', 6, 6, 1),
(2493, '2016-06-15', 3, 5, 4),
(2494, '2016-06-16', 5, 1, 4),
(2495, '2016-06-17', 2, 3, 2),
(2496, '2016-06-18', 10, 4, 4),
(2497, '2016-06-19', 4, 6, 3),
(2498, '2016-06-20', 2, 3, 4),
(2499, '2016-06-21', 8, 6, 3),
(2500, '2016-06-22', 1, 5, 1),
(2501, '2016-06-23', 8, 3, 1),
(2502, '2016-06-24', 1, 6, 2),
(2503, '2016-06-25', 10, 1, 1),
(2504, '2016-06-26', 10, 5, 4),
(2505, '2016-06-27', 1, 3, 2),
(2506, '2016-06-28', 6, 5, 4),
(2507, '2016-06-29', 1, 6, 4),
(2508, '2016-06-30', 10, 1, 5),
(2509, '2016-07-01', 2, 3, 5),
(2510, '2016-07-02', 2, 2, 5),
(2511, '2016-07-03', 5, 1, 5),
(2512, '2016-07-04', 9, 4, 1),
(2513, '2016-07-05', 10, 3, 3),
(2514, '2016-07-06', 7, 1, 4),
(2515, '2016-07-07', 10, 5, 2),
(2516, '2016-07-08', 4, 4, 1),
(2517, '2016-07-09', 1, 4, 1),
(2518, '2016-07-10', 7, 2, 3),
(2519, '2016-07-11', 4, 6, 5),
(2520, '2016-07-12', 1, 3, 1),
(2521, '2016-07-13', 3, 6, 5),
(2522, '2016-07-14', 1, 5, 4),
(2523, '2016-07-15', 1, 5, 5),
(2524, '2016-07-16', 10, 3, 2),
(2525, '2016-07-17', 5, 3, 3),
(2526, '2016-07-18', 8, 3, 3),
(2527, '2016-07-19', 3, 2, 3),
(2528, '2016-07-20', 10, 1, 5),
(2529, '2016-07-21', 9, 3, 4),
(2530, '2016-07-22', 5, 3, 5),
(2531, '2016-07-23', 8, 3, 4),
(2532, '2016-07-24', 2, 4, 3),
(2533, '2016-07-25', 7, 5, 2),
(2534, '2016-07-26', 2, 1, 4),
(2535, '2016-07-27', 6, 5, 2),
(2536, '2016-07-28', 8, 6, 1),
(2537, '2016-07-29', 7, 2, 1),
(2538, '2016-07-30', 7, 6, 3),
(2539, '2016-07-31', 8, 1, 5),
(2540, '2016-08-01', 8, 5, 2),
(2541, '2016-08-02', 10, 5, 5),
(2542, '2016-08-03', 3, 6, 4),
(2543, '2016-08-04', 4, 6, 3),
(2544, '2016-08-05', 6, 5, 1),
(2545, '2016-08-06', 3, 4, 4),
(2546, '2016-08-07', 7, 6, 4),
(2547, '2016-08-08', 10, 2, 2),
(2548, '2016-08-09', 10, 1, 4),
(2549, '2016-08-10', 9, 6, 4),
(2550, '2016-08-11', 6, 2, 5),
(2551, '2016-08-12', 8, 1, 3),
(2552, '2016-08-13', 9, 3, 5),
(2553, '2016-08-14', 10, 3, 2),
(2554, '2016-08-15', 8, 5, 4),
(2555, '2016-08-16', 8, 5, 5),
(2556, '2016-08-17', 9, 5, 1),
(2557, '2016-08-18', 2, 4, 3),
(2558, '2016-08-19', 8, 1, 5),
(2559, '2016-08-20', 4, 5, 5),
(2560, '2016-08-21', 9, 1, 4),
(2561, '2016-08-22', 7, 5, 5),
(2562, '2016-08-23', 3, 5, 3),
(2563, '2016-08-24', 1, 5, 2),
(2564, '2016-08-25', 9, 3, 4),
(2565, '2016-08-26', 7, 3, 4),
(2566, '2016-08-27', 3, 6, 2),
(2567, '2016-08-28', 9, 3, 4),
(2568, '2016-08-29', 9, 2, 5),
(2569, '2016-08-30', 4, 6, 3),
(2570, '2016-08-31', 6, 1, 1),
(2571, '2016-09-01', 2, 2, 5),
(2572, '2016-09-02', 4, 5, 3),
(2573, '2016-09-03', 6, 2, 3),
(2574, '2016-09-04', 2, 5, 3),
(2575, '2016-09-05', 7, 1, 5),
(2576, '2016-09-06', 3, 1, 2),
(2577, '2016-09-07', 4, 3, 1),
(2578, '2016-09-08', 4, 4, 3),
(2579, '2016-09-09', 10, 4, 3),
(2580, '2016-09-10', 7, 3, 3),
(2581, '2016-09-11', 8, 6, 2),
(2582, '2016-09-12', 4, 3, 5),
(2583, '2016-09-13', 7, 2, 2),
(2584, '2016-09-14', 7, 4, 1),
(2585, '2016-09-15', 4, 3, 3),
(2586, '2016-09-16', 3, 3, 4),
(2587, '2016-09-17', 8, 5, 2),
(2588, '2016-09-18', 10, 5, 4),
(2589, '2016-09-19', 4, 2, 5),
(2590, '2016-09-20', 10, 3, 1),
(2591, '2016-09-21', 5, 4, 2),
(2592, '2016-09-22', 3, 6, 3),
(2593, '2016-09-23', 5, 2, 3),
(2594, '2016-09-24', 5, 2, 4),
(2595, '2016-09-25', 3, 5, 3),
(2596, '2016-09-26', 10, 6, 1),
(2597, '2016-09-27', 1, 1, 2),
(2598, '2016-09-28', 8, 4, 4),
(2599, '2016-09-29', 4, 1, 2),
(2600, '2016-09-30', 4, 6, 1),
(2601, '2016-10-01', 10, 5, 2),
(2602, '2016-10-02', 3, 5, 5),
(2603, '2016-10-03', 3, 3, 2),
(2604, '2016-10-04', 3, 2, 1),
(2605, '2016-10-05', 6, 2, 3),
(2606, '2016-10-06', 5, 5, 5),
(2607, '2016-10-07', 2, 1, 1),
(2608, '2016-10-08', 10, 5, 5),
(2609, '2016-10-09', 6, 4, 3),
(2610, '2016-10-10', 8, 1, 5),
(2611, '2016-10-11', 9, 3, 2),
(2612, '2016-10-12', 10, 5, 4),
(2613, '2016-10-13', 2, 5, 2),
(2614, '2016-10-14', 3, 6, 1);

-- --------------------------------------------------------

--
-- Estrutura da tabela `vendedor`
--

DROP TABLE IF EXISTS `vendedor`;
CREATE TABLE `vendedor` (
  `vendedor_id` int(11) NOT NULL,
  `nome` varchar(50) NOT NULL
) ENGINE=InnoDB DEFAULT CHARSET=latin1;

--
-- Extraindo dados da tabela `vendedor`
--

INSERT INTO `vendedor` (`vendedor_id`, `nome`) VALUES
(1, 'Quentin Tarantino'),
(2, 'Steven Spielberg'),
(3, 'Martin Scorcese'),
(4, 'Alfred Hitchcock'),
(5, 'Francis Ford Coppola'),
(6, 'Federico Fellini'),
(7, 'Stanley Kubric'),
(8, 'Roman Polanski'),
(9, 'Christopher Nolan'),
(10, 'Ridley Scott');

--
-- Indexes for dumped tables
--

--
-- Indexes for table `produto`
--
ALTER TABLE `produto`
  ADD PRIMARY KEY (`produto_id`);

--
-- Indexes for table `vendas`
--
ALTER TABLE `vendas`
  ADD PRIMARY KEY (`venda_id`),
  ADD KEY `vendedor_id` (`vendedor_id`),
  ADD KEY `produto_id` (`produto_id`);

--
-- Indexes for table `vendedor`
--
ALTER TABLE `vendedor`
  ADD PRIMARY KEY (`vendedor_id`);

--
-- AUTO_INCREMENT for dumped tables
--

--
-- AUTO_INCREMENT for table `produto`
--
ALTER TABLE `produto`
  MODIFY `produto_id` int(11) NOT NULL AUTO_INCREMENT, AUTO_INCREMENT=7;
--
-- AUTO_INCREMENT for table `vendas`
--
ALTER TABLE `vendas`
  MODIFY `venda_id` int(11) NOT NULL AUTO_INCREMENT, AUTO_INCREMENT=2615;
--
-- AUTO_INCREMENT for table `vendedor`
--
ALTER TABLE `vendedor`
  MODIFY `vendedor_id` int(11) NOT NULL AUTO_INCREMENT, AUTO_INCREMENT=11;
/*!40101 SET CHARACTER_SET_CLIENT=@OLD_CHARACTER_SET_CLIENT */;
/*!40101 SET CHARACTER_SET_RESULTS=@OLD_CHARACTER_SET_RESULTS */;
/*!40101 SET COLLATION_CONNECTION=@OLD_COLLATION_CONNECTION */;
